size,bedrooms,age,distance_to_city,price
1748.3570765056163,4,42,11.560347988974838,484600.725275329
1430.8678494144076,1,18,10.749658350316956,372212.9027419585
1823.8442690503462,3,68,6.900329062975519,528428.6429332553
2261.514928204013,5,50,22.036887919656095,467060.7914104948
1382.923312638332,3,10,10.862970519574331,369456.48527693196
1382.9315215254096,3,11,7.786374739076691,420938.9483245633
2289.6064077536957,1,73,10.758094136803152,615092.5001333868
1883.7173645764544,1,7,10.127133513058174,510215.58406158176
1265.262807032524,1,23,10.939012739455443,333562.88905093295
1771.2800217929823,2,91,2.031414923244835,534816.8867860971
1268.291153593769,4,40,16.459733482834327,285070.9434746516
1267.1351232148716,2,35,16.74414710219575,262118.1381164428
1620.981135783017,4,84,17.35160386018243,378329.81144394045
543.359877671101,4,71,11.627158792681488,119652.15483928325
637.5410837434836,3,54,13.31240530082258,107276.18088640545
1218.8562353795137,3,8,5.66886525996375,380699.2319536634
993.5844398327881,4,46,14.164496642986947,221868.80314644403
1657.1236662976369,4,14,11.258938534469696,461380.1985946523
1045.9879622393946,2,47,7.697966921803789,295766.29302939813
793.8481493323543,2,81,14.323723458204203,148027.4452762475
2232.824384460777,3,41,14.5172451804555,577912.1631075409
1387.1118497567322,1,59,10.303044178374664,374001.0761295668
1533.764102343962,4,83,12.191912900642016,399311.72102473985
787.6259068932716,2,69,4.841414940332197,228329.09054249094
1227.8086377374086,3,11,16.215917186071792,268527.685046262
1555.461294854933,2,1,5.505934059825491,467401.7414340661
924.5032112888485,4,6,6.4728717596041205,277441.9055891289
1687.849009172836,4,79,10.311578227152685,486664.4549023942
1199.6806550405975,5,2,15.572581421092298,282016.90705034445
1354.1531251033616,1,2,15.569743166078304,302086.47089612443
1199.1466938853016,5,26,9.975876890474348,342143.50694836373
2426.139092254469,3,39,13.865066811269056,642987.3230148992
1493.2513876310331,2,32,1.554707753355519,468991.1922856916
971.1445355220499,3,91,6.403400049352236,286046.6754880131
1911.2724560515944,4,0,6.505247802681994,587836.7552214821
889.5781750144889,5,7,16.261064548799087,186812.65835594982
1604.4317975023778,5,31,13.273270814540039,427499.2888372095
520.1649380601123,5,47,10.923263879523004,138093.2257020768
835.9069755507848,3,3,11.40867531914687,216378.6956302806
1598.4306179345617,4,93,17.841696380150623,338028.3044677183
1869.2332899977052,2,69,9.149101667467242,516764.0992825781
1585.6841405949854,2,18,3.4296634573298013,486926.4322453718
1442.1758588058797,3,31,15.435975921976523,336768.2698768354
1349.4481522053557,5,8,10.909195186025304,389070.9550690118
760.7390048162863,1,11,14.768358390828904,116631.35196309515
1140.0778958026458,3,10,9.77617596306746,322361.33100371936
1269.6806145201062,3,45,5.806552381480534,380412.9354282272
2028.561113109458,4,15,12.014108605414883,563052.354937116
1671.8091447842307,2,0,10.050875353707152,471467.99385497137
618.479922318633,3,62,10.924711414372046,159552.37167248834
1662.0419846973975,3,20,18.08285247058708,357449.5420136398
1307.4588597918419,5,29,4.506487613076498,441261.2080465668
1161.5389998470207,5,12,11.429593302379912,351887.2155725033
1805.838144420434,1,33,5.905016549206616,518182.6440791514
2015.4997612479756,4,3,-2.95272986560029,639781.0636267783
1965.6400595580992,1,27,9.755174054888881,567747.6266250042
1080.3912383886807,5,94,10.155114684999035,302543.39476977225
1345.3938120743928,2,58,13.117610514753792,326350.41227158223
1665.631715701782,5,26,8.912296257080282,488074.9476798021
1987.7725635611796,4,68,2.5549982243801406,614151.1421018643
1260.412881077355,5,24,5.887842113725686,411546.408791815
1407.1705116680914,4,2,16.58479418343352,348516.2808765148
946.8325129969859,4,96,5.816860353546844,285971.75337804627
901.8966879596646,4,67,17.91612764846253,120048.92820738407
1906.2629111970991,4,24,15.249921462856916,476746.3291397447
2178.1200142854113,4,19,8.411096978319652,653904.8312368914
1463.994939209833,2,33,6.354604184486505,444180.0525727257
2001.7664489460121,1,25,15.239564845652893,495781.3031701278
1680.818012523817,3,4,8.7954437745319,499368.0467967704
1177.4401226974378,1,98,2.2717493015002077,354143.058233974
1680.697802754207,4,60,12.811583103116291,442938.71914704517
2269.0182832329847,2,91,12.086317239290931,609656.8999650804
1482.0869804450242,5,92,15.68853101357389,347957.2702495484
2282.3218279070034,2,8,11.747974996801485,631374.5327548438
190.12744795512776,4,49,7.254265114771413,50863.35966558873
1910.951252187612,2,5,16.34839419801067,455210.6185151711
1543.5235341190855,2,82,16.834952163394217,324672.0974013859
1350.4963247670662,4,59,11.166029819926038,367294.0714617656
1545.8803882677512,2,43,10.30160957266486,420491.9215563772
506.21554269955357,3,10,3.3836448844744744,178190.5418921228
1390.164056081244,3,65,6.962368288267619,422198.88842428
1678.5562857558732,2,46,13.803848209796769,432205.3317083332
2238.947022370758,5,72,7.213598498186497,688880.3227386781
1240.8648908631762,4,84,2.7158106530333868,379171.83872300485
1095.7531985534063,3,87,27.479388948000498,-39836.548767422624
1249.1214782077318,5,97,2.682970207866557,398994.4285870438
1957.701058851037,2,85,21.283756982170587,357239.6637093778
1664.3755548298423,5,2,8.4628827770087,516525.98579055344
1235.1198981164807,1,75,9.57718500428096,303731.44819901756
1756.633716556678,3,91,6.638608639062006,533690.2173309721
1548.5387746740203,2,29,13.914185823689461,393911.5555493428
1984.3224952664445,4,89,2.8011289344495784,618355.6095452457
1148.9734530613239,2,20,0.7983548188291394,359752.25741082145
1336.1689267011159,4,27,18.050857646893032,284822.34006686194
1303.9459234339213,2,89,5.980138005965111,382396.8011127849
768.2425259339407,5,61,13.730440597698422,185076.63611890058
1648.060138532288,5,32,4.57271961551892,526972.6383960122
1630.5276360899447,5,84,13.54210521447291,448557.1148656979
1502.5567283212304,1,34,18.417732493892252,296029.46214498044
1382.7064333124265,4,51,7.364393072924418,422590.1502818187
792.3146289747929,5,33,0.33279446607009433,293598.74181842594
1289.6773386173204,1,40,18.443969566549526,214621.57548095388
1328.6427417366153,4,50,14.631221607624457,309881.4960618059
1098.8613653891905,2,46,7.632143831143459,314549.1050176013
1419.3571441669953,1,81,8.91023973365677,379340.052736346
1702.0254284072691,3,57,4.44673901875157,517343.7111489606
2443.0929506052653,1,74,17.1012846622098,594064.0370261077
1587.2889064159194,1,56,7.3264219609467744,449819.8346819605
1628.7751953613822,4,22,2.9064573122626323,522644.50228976697
1462.7770421169164,2,47,11.068229407562358,384909.73593831994
540.6143923504793,3,21,5.699933192107301,180550.92990069577
1486.7430622753916,5,16,4.84992712068446,488080.77995772136
1530.1151049705131,5,68,7.8495039811902725,473363.7718847359
2731.621056242643,1,10,10.431776577501854,768102.695924973
1403.8195176094387,4,93,3.094451220426265,450798.92570550274
1650.7736711668063,4,14,16.92574462606162,407579.3700143787
1482.6441151473784,5,90,13.385798560328936,395623.8169686085
915.660981190234,3,34,8.173185046136345,256404.9345854339
2071.4114072575103,2,32,5.48328256851501,611968.2054718008
1875.966516343387,3,83,9.553872735416679,526797.9432248161
1895.5159735215234,2,15,14.49717520377861,474926.9754717451
1045.3062726026305,5,33,13.722920135998395,262121.6869944214
2201.3971554680497,2,65,15.292521502255891,556812.964355614
799.0744686038596,4,98,7.59811254509839,234156.2078646656
1793.4285469001352,1,39,-4.624625895983385,531557.8722950034
2595.227812904989,1,27,16.239055989581235,648902.8466571182
1004.7318374346557,5,46,9.16401928463824,299491.4672341405
1216.851135198614,4,38,13.33083032735831,316565.5770264662
1549.8256825438207,3,69,18.34614377320151,292737.62881465774
1248.2621729419004,4,72,22.17204316618841,154164.9987161217
724.6682844669336,1,19,6.750892609295898,203693.08577823036
1534.2814874030137,1,0,10.669799535828222,421197.965838997
968.8481431369476,4,71,16.834182303027227,164659.1366424685
1736.7962153175908,4,86,5.778604907385022,516513.6304329189
1040.2878828830985,1,62,7.089442031047859,290395.8206579169
2274.96720250877,3,66,7.059807107705625,655325.2001510563
1108.3733538318816,5,3,9.859548432959889,346628.54960623145
1338.9692418971622,5,57,8.89938159855015,402957.1960657703
1906.7586086848348,4,24,7.031023388718378,598097.1497875323
884.5678417830223,5,46,5.171212921968703,281928.9072270435
1613.7299673020648,1,37,14.059701641976458,383517.79037273925
2153.571377141214,1,14,16.689155104830586,489928.78081654885
696.2583827193862,4,62,17.413573970862075,76904.33796652054
1592.316929266152,4,20,7.5946322130775785,483017.390746669
1629.9413971242118,4,98,14.268623361286387,387958.5370240553
1890.9114358886552,3,56,11.181629513638878,519612.7433544726
881.524644560959,5,52,7.146643256933373,258646.73667874967
839.7716934578618,4,45,13.67109109354098,186907.54034429652
1760.9707828084488,2,13,6.916974729772516,533240.0844074612
1648.492336616593,2,99,8.119116986091559,461437.8731669165
1625.2464251729382,1,75,3.116351487481851,494300.17798123433
1673.224104748488,5,16,7.67889451283387,527147.4465888774
1159.9876392107547,4,38,11.269306045072923,330379.1408805375
1616.1268485805017,2,8,17.84467247838748,336372.4342349079
1646.5362366493407,5,98,8.232522768991567,482582.2391398939
1142.824290986816,1,76,4.809154264565331,329539.43908970506
2432.8872555723783,3,78,17.486844854670625,575594.2842697245
1736.9164604558937,5,81,7.477237814578912,531631.8329665046
904.3482513986756,5,96,1.2580917192956758,298073.87986705324
1828.2768043169149,3,5,10.66546867568392,533906.8986345436
1012.6591648863393,5,90,8.376132633604124,307513.0730588319
1893.542301871226,1,22,21.501978213425858,353462.22131944896
2079.297789503702,1,58,12.37683017173606,538054.313487162
1089.6588408241448,3,90,9.268288231725819,306429.1715616871
1981.688064622161,4,97,5.377513953721983,615094.7161690538
1706.3904634682492,2,45,11.650834205964838,454659.03195923124
1911.0300799972451,4,37,17.28354975030897,449154.971819806
2448.396491326974,5,13,11.559070917386302,707895.0151491652
1377.3059419985648,2,99,5.762851539410271,409176.6835870874
1123.1319178212552,3,71,12.69403105875977,299013.82051023084
1055.2427851872383,3,61,9.756965525635923,276957.19672019535
1092.0948575172808,2,34,12.24306551659081,255296.9301329911
1461.4491452929478,1,18,8.225963249078898,420215.6497070308
1670.575987408322,2,29,8.10852362869394,474959.58321028616
1638.3453996650096,5,77,7.911101012841101,504994.4141240979
1913.591624518012,1,83,14.711190757486808,463921.3823390874
1506.5009459389535,3,24,8.158873623794543,443626.9013521813
2226.7670385786587,2,39,7.701346343128865,654987.4591704024
1367.671583381022,4,87,5.289670492188168,422713.1517478775
2860.0845832948094,4,13,12.270069008583837,818352.0132728763
1812.833673882503,5,25,11.558509010656092,504486.92657365697
1071.4212217918587,4,86,7.756158877556845,315933.87355649605
964.5537509694439,2,21,6.4531064622106955,300075.4374451621
1741.2362076215927,2,47,19.38086706613856,329074.1715367654
1388.2686073370746,4,82,0.5977847243758099,430244.05871138436
1857.000247046046,2,50,12.465860016008605,493669.51089211286
1736.6188122867725,5,2,16.45701774108004,435554.8458482429
1463.5855436715635,1,41,-6.9340688074414984,420946.82958414534
1076.6031409657976,5,18,13.970700300380896,264797.5267699312
742.5763876570677,5,72,8.89872699251956,230403.82811934524
1276.7425239664894,2,27,11.280274321416297,334469.468463647
1928.1993971617362,1,83,8.38381017738955,543685.5378267011
1607.046872065102,2,44,15.376967228230384,378291.2751602059
877.130610644006,3,70,11.815596708356786,211089.97008554585
1586.590462925591,2,77,10.658599447671579,430042.6043550062
1692.6586898644184,2,62,5.5056969652070356,502106.13696265
1058.0712818994334,2,72,19.41146116917094,122716.98192775929
1576.862552972764,1,18,10.049655098666355,439834.5503479136
1529.1043592229998,2,46,21.449028987302295,247682.15838031468
928.5148510846884,1,13,19.637846925890976,72063.43546946558
1678.8936801741415,4,37,1.1082451636730966,529111.9975320833
1780.3922631841172,3,52,6.725270195986549,541526.6539756508
2041.5256215876384,1,60,4.815244970125291,580595.1089503547
2026.9010260174514,4,35,9.758969592564688,602887.2328699417
811.1653160214545,1,39,10.93582010243081,184341.28879352892
1031.0874800424385,1,80,11.149632339467152,254571.91906342556
1757.5176336043298,3,29,15.270643380094894,434847.5475695263
1756.8929754561045,5,8,17.46791384654435,415683.20563172724
1757.523843153024,5,63,14.837438746193193,457663.2152799811
3426.365745327361,1,32,7.195323928881266,1005319.5254823427
1785.4452553465835,2,51,6.089880674462803,518781.7419479705
2067.7828200902995,4,88,10.013809179419683,614780.0937162888
1977.0008817466012,2,13,12.130597632023306,527213.5832531125
1825.695625652899,2,74,9.084043271414389,489219.21286680724
1342.3653776798271,1,52,3.272575818738889,412771.7267404658
1879.4846102466338,1,98,13.410297542884003,458491.7082564905
1113.587392731214,1,58,8.038426156330484,297200.33767431823
1381.5906966299956,1,77,7.887436327889784,374392.3224294506
1257.3182260854483,5,93,9.726936629709536,355592.3053848587
1540.9370696931612,1,40,8.800505414599195,417894.748419119
2657.329283336754,5,67,8.167494722439493,790476.6269555181
566.367403704126,5,67,3.599373465334052,200680.07405680802
1843.1300951872568,1,91,9.438762665241706,496174.0326540403
693.6420644051742,3,7,13.51476895953434,152671.75121009524
1264.0340671052832,4,1,11.323220025606446,359729.5047735991
2044.475298483683,2,85,14.740607195503223,498424.71736379014
1532.1400095477313,5,40,6.3572748883999655,482519.7436217026
961.127611035347,4,54,3.6097076044109926,306844.9055747193
1142.348145370016,3,15,8.770750105110016,321324.8104815245
1839.798874467338,2,92,6.928816907256515,536429.7261782108
1134.8166841414318,2,61,7.44832508396126,319292.97917116265
1608.2292947909875,5,47,11.058748590405637,457845.32804269204
1522.7859199519069,1,29,7.484597304476723,424470.5052162492
1174.1998261970914,3,11,3.749657553968029,362750.6143623793
2571.972044662663,5,34,7.20502636059001,808723.0912095458
1816.9595111590056,3,10,11.700296834304007,507980.56683858956
487.42870667119644,1,63,13.357403005034588,43507.21410987725
1593.2271573847138,1,49,13.307113920416736,392507.1657531679
1169.106767615806,5,84,12.122365471239547,321076.3197435468
1926.216667398112,1,20,9.159532670173778,543591.6569767436
1103.7396307836498,4,68,12.024570494795647,298966.95486427116
1442.6317792665504,2,47,9.788321709008814,380055.7814197389
1752.4936394902286,5,19,10.565480689101188,496220.18027738144
1932.8775970850606,3,66,5.303366310670301,585205.6062314793
899.8517964721119,4,43,10.219374818803578,251902.6895317741
1332.7493820795257,5,32,11.893331171257058,339304.14966671786
1262.5273444195218,1,72,11.705636567198543,299611.47869216854
1173.335383713144,1,60,3.5624048697035073,333568.627742265
2382.7271201405483,1,8,10.481303882016912,654369.8081015416
1702.4908554804779,1,67,2.780552112680433,493371.10397237947
869.5580228324774,3,34,10.868383230692631,230964.40784113642
1958.930973527388,4,80,6.49331404198643,580423.6782213902
2561.0780985063166,2,97,18.528214712627225,587444.8379874687
2016.2326302755735,3,87,10.59621664647945,545141.8323845312
740.3150170229933,3,95,14.005820099119614,147702.10320760478
1257.8829635668744,2,64,20.5543631851214,177670.2897518317
2133.455574593311,2,7,5.912990944556395,616231.3793937614
1146.1652671906097,1,44,12.178374554529556,261070.77596974457
1721.9097140731142,3,86,4.070444953835769,526373.83200478
1887.3170267146684,5,46,11.724485041249597,551077.258762986
1036.5347642109587,2,39,18.828546332252017,154311.73836407368
1470.2373219690999,2,75,6.860583927791053,418980.56157301867
-120.63367003453618,4,53,5.57022843352702,-41617.59201912768
987.8061793328551,5,75,9.544128832407184,294499.1461541765
1373.7159243034198,5,45,20.229086440441428,245537.8396703953
876.1084090175752,2,46,13.855194599766275,178337.93415272702
2316.2056519658177,1,14,5.475426739719947,685297.3422166402
784.9293110196836,4,18,17.275302912408847,109105.45295240158
1279.9777566515081,5,25,1.7246850383340657,431148.55987695564
1565.3702886430456,2,51,20.682795644013623,267786.65907803364
2220.6366445330577,5,92,14.282253400075795,591541.723838781
782.0689244102803,4,21,18.817787200033592,98077.1777688349
2081.58187607748,4,20,1.7610094580798243,645183.9901932876
1505.1165305097936,3,50,10.847209154298431,410013.9581755591
1009.2456744760245,2,37,9.33055536717142,272105.3453422396
1731.0517371316355,4,19,4.965102632766794,525840.1227411862
1599.529847786735,3,28,3.519881898743039,497493.2039371105
1199.8915614206026,3,50,12.535406293797744,308735.7144177017
1534.9010424950095,5,3,12.988658540568121,422485.37816633756
1307.3432015691199,5,54,16.499870233628762,294938.95258229837
1556.758672625624,3,70,7.482894733365846,460654.1853847118
1831.0653372605234,5,91,9.29195094922095,534071.4238681302
2293.008408072676,4,27,3.0877003752695407,714757.6016226402
881.0922505865755,1,3,17.703929059973746,105246.08795035652
2566.5166873281332,4,21,10.347740438786216,752067.7723309866
523.9561002387491,3,75,13.612942508100527,76182.24337115177
1424.1074524822084,3,44,13.78952698055506,358347.6065214678
1794.1586032422883,4,66,17.29553578650989,421114.40144329675
1640.4959338675162,5,85,5.843002663662733,515990.5304865987
1188.6502400897032,5,65,13.487933001735891,297550.30018830154
1395.9388748213623,3,87,9.874956468454792,360858.468963229
1253.4995326705837,2,33,20.528385331703156,186158.95510238022
1205.3176215278943,5,90,5.828179105019916,380922.66025924706
1924.8010485105124,4,54,15.857131738819362,474563.0850151566
1678.5077429825237,5,0,11.751708896141984,490050.39390059916
1153.545202369673,4,71,11.489280471030106,291375.8798147426
1949.7999377166254,3,86,10.270103630237449,555304.8691557822
1653.6497604383046,5,37,16.733329114183938,395356.530991753
1906.43105941948,4,5,11.319258505369673,538577.2351401033
1814.814420961806,3,85,2.377923309395115,548400.0510934705
1085.502494538964,2,24,16.097517843561224,208970.85813980107
1219.9094799015152,4,81,15.18100916065861,274421.20366945956
1873.646802561631,2,16,12.935688421064238,495710.82610905555
1805.1851327167324,2,60,4.357631851262267,535764.9876998707
1489.549203017926,1,11,5.134423198893399,443486.00584732526
1558.663691654391,5,5,0.6127855738194548,516494.147159911
2138.8324478942122,4,89,12.301649365899069,581708.7158517572
1204.214305582085,2,26,3.2522557591281522,362793.8016690217
1773.548690585019,1,7,1.4062455356891768,545759.4993511311
1398.903673783053,3,82,16.37494559650022,304444.940850724
1391.15939838639,4,64,13.840897822314234,349333.95680365816
2049.388425993595,2,56,8.334141675845364,598129.5237214492
1912.7081744940149,5,92,9.329767083714023,542276.8988683514
1906.7548180003193,1,98,-2.0367210349197116,554708.3826979866
2152.7394035771645,2,39,14.5837245952961,540116.1384140807
1510.5019208163794,5,13,6.536342677556579,501751.4110970686
1840.976485647482,2,34,11.651454315665704,504746.9500631819
1344.866621703272,4,47,-2.4428113089574204,430285.7031288137
1662.083176244221,4,83,14.887840160807729,419050.96633484814
1434.9284728161576,4,55,6.235776153071379,451198.8463667915
1548.497982496359,1,48,3.119788681053228,471139.1709569345
1797.5785127184568,4,12,8.301991827558163,551629.0545141193
1090.8896583832638,5,60,7.018023910322575,338015.1644792289
2546.19363784273,2,48,15.371338064549331,651105.4202106479
996.991309250149,3,45,7.898024388191864,279286.1063570011
892.9056936061339,5,61,16.81308513306684,169356.2649032537
2079.055436750034,5,7,11.650713078945365,602857.7160477681
1895.831346981468,4,42,14.471839436061874,491447.6254576906
1812.0599085260776,1,19,9.989167733860569,495219.6229329447
1814.17275463214,2,96,16.360294911699416,425724.12789709994
1493.8766135765427,1,89,4.23188004858662,440935.38382856676
1051.3728142570842,2,38,10.568122287471635,290273.1784969296
1537.9022790968631,2,84,8.017820852842926,437718.12111383857
1161.4191442439442,1,48,16.98314239753656,205181.72482823028
1987.5598667088757,5,63,17.49517202329713,480373.41344283416
1426.4713092489308,2,61,10.002106296185593,375517.31212196674
1087.2514016037442,1,53,3.542444494520974,306686.7740652283
1339.3070791735033,2,8,12.135486583958338,351630.5166562633
1706.465727137812,3,87,1.6769513248311672,513786.84816358465
1218.1377235980126,5,36,18.130713993915556,245994.49965349346
1088.8898022167843,4,48,7.634149646819807,339081.48708096787
1621.8436057459562,2,40,9.847149182912524,443415.36887821055
1622.4832855543614,3,16,6.59524462096623,511901.17620703223
1246.5284123144352,4,87,5.491092066495897,371575.5264435224
1264.4808471908386,4,20,13.68645658273526,331586.6548266013
1616.0249686788181,2,50,9.206916614743392,456671.3956395501
775.9578292513379,1,58,10.212412694615876,190981.6147522871
796.2681128117224,2,38,4.980544603905804,227715.5454541722
1140.777889373782,3,54,14.2802961174852,282540.14738013933
1393.2764241440764,4,40,14.788948675684335,338838.6749393811
1655.4537827990023,2,38,8.955357565602114,475703.3996688
2237.678108474776,1,12,16.339610666659436,559856.8690628924
1928.8298116010096,2,63,9.479379228877388,535073.0075229148
1420.0307350182864,5,10,13.898777481444105,385678.4763956088
1490.4918960486557,1,18,1.885362095849512,444055.5772461487
998.7353176810956,3,10,11.767154332432062,272357.25056726974
1490.743432003805,4,76,8.642592661965326,427074.01832852577
1355.6706805399308,2,45,10.777612129774981,360007.8123770004
1661.3592801690447,1,44,10.55341202827913,446981.73834151967
1086.3845282238385,5,0,10.62849911088492,327275.85948933696
1759.6732571205862,1,39,13.078503646812766,464263.1114005939
2266.369456501289,5,18,7.174131841970106,696057.063211257
1445.6199257715712,3,75,12.845396297678215,377571.2224520048
1700.8558610494706,4,71,16.162624415589534,425144.12880147714
1845.0719958555562,3,71,2.9492949750983835,566629.7619402457
1299.389764057082,2,60,6.097299508853372,373727.07106558984
1612.0462409052084,1,11,6.307322872494069,454222.3739682662
1506.2962003908974,5,60,4.539771002745203,498416.85741269676
1548.8380492744159,5,32,7.6265111518147055,476725.1353087041
1113.4951080722667,1,44,15.165592576999202,210237.34832360782
1512.2550871294713,1,89,17.237934622562143,283720.03027088044
1748.9991456227249,2,91,10.53087484873251,461017.9392430836
2225.571803897521,3,68,8.378819945758998,658166.2822598035
1979.6354130426034,5,7,14.0146198454033,554864.5244839423
2576.5912287557785,2,24,-1.8198424712609,793042.6740311864
1116.3262185559752,3,90,4.724107639484209,337062.6473456097
1936.160318360339,2,45,-1.608152033499577,578099.813131664
1591.671002869176,5,86,4.67150141322279,492090.4286748611
2594.901466608836,1,29,6.164912365489998,752601.1736387523
1095.8508573224242,1,46,17.38840938968839,184105.07670028822
1080.139078909612,3,86,-3.8053098307799473,318968.4074301513
1200.303677277989,4,48,7.91648699882833,352013.2588715517
438.05213784509647,3,46,13.097832360890536,64604.16264654821
1237.1224891596194,4,83,12.053653316345466,305193.46608159936
1120.433669223151,2,81,17.30869066767447,190602.4287607331
1575.1968932381037,2,17,10.805257392982943,429710.7454967695
1670.8779878885798,5,65,11.871390902405725,479640.52684733004
2438.085419607943,4,67,0.8074658409872484,749500.9698898648
1975.2119190930252,5,93,5.058655709115955,598176.6217530986
1211.5481721687984,1,32,1.0864762827598824,362733.63979822677
1050.792664325821,4,35,12.863040539570498,254527.9804020691
1745.959585753253,3,81,11.74345225878623,469025.0861669114
839.883396489679,1,18,11.567689836417577,172859.94625285838
2415.7293829271766,1,27,5.592831957709628,707625.4761907911
2089.7200603606434,3,39,5.135251103416673,626646.8994623998
1265.4121739476477,1,83,11.047234661482086,317680.5261222294
643.4327354545612,4,96,6.653069736144326,183592.50508311496
2176.9361870827065,5,75,4.897977180838816,658724.8083068181
1442.730077373691,1,14,7.458053143709659,410189.5438955631
2118.908155986731,4,40,6.696289819823458,648451.1595232286
702.7861706028165,2,38,5.666385126857733,204469.8390453004
1200.3124885231136,4,1,3.8711609162119895,386287.57534513937
1502.6218498590915,5,62,12.243448841694534,406719.9141822892
1523.490296882371,4,28,17.780247197385286,334507.97418906796
1274.9672642603782,3,73,9.804978996906732,340926.8852208269
1811.4249661737495,5,65,11.112170684849639,515402.49147340364
966.1897853087028,2,50,12.681889263008518,226946.2436618792
1428.8102574893533,3,74,11.83282878596561,360821.9279187613
1560.1478158559494,4,76,5.765438358415104,475787.5348270399
1757.2194170293744,5,9,18.599231055512924,384510.233052664
1855.807439044445,2,13,6.213447431610195,557118.0639207413
937.6789540810654,3,81,13.240441823302046,197660.944278206
732.9429146321888,2,50,12.650956536714558,160055.4418730442
2138.8384109492545,4,72,0.20779228932681093,652460.461370571
1666.1570059897958,2,38,8.205767915435404,483000.57862395426
1125.756731721723,1,27,10.28314225906085,301666.82294174033
2275.5759877612613,3,2,10.66575605712143,645086.7261791624
1557.8373171464293,2,83,11.507102577583835,395925.64098846115
2089.6485920319133,4,69,13.788314364699879,548593.8146559134
1533.7592407050545,4,26,9.962423178646109,440444.2075322607
2530.3739624409936,2,1,11.773087840089719,714783.6080789586
2377.6704212216023,4,92,9.775227066138084,681448.5449303301
1375.5179257604632,5,37,4.913331716226132,431975.3811992386
1985.7854754771777,5,2,10.16200720684837,573514.9103413014
1822.6879747925736,5,15,13.745449221265348,515357.18035570404
2184.3157787661744,1,93,15.543941912376825,542692.6248463263
1017.5382697099478,2,39,12.68657828772102,242589.21698263174
1843.0257299992197,1,1,16.671751629746495,415630.23085353855
2029.212243424794,4,80,12.094323737044903,567104.3608505308
620.6302567884428,1,40,14.319399108344186,95153.55079943936
908.3707436671125,4,11,14.68695574639893,199915.40723766616
480.38391111994974,4,34,8.883247295581322,138272.8175187474
1365.2965827777211,3,64,13.630017162838342,346217.9731985774
1858.7711278979812,5,54,5.296775511795429,566398.8093876523
2251.178526048014,4,44,11.749061712744318,647517.5604806888
1537.0473902098877,3,78,12.885129133342264,389409.40255794843
2314.307772785646,5,89,15.25547560349665,599001.7808711427
809.9492708925543,4,84,14.103796519906531,156423.17839735906
648.3087803224226,4,61,15.320570916673567,96285.46614512394
1472.2261505516906,1,48,9.503098349367885,384812.69884561584
1692.0327244696537,1,94,8.273034226649763,482302.15942712704
1483.6526259529535,5,24,8.625506210571919,458008.13847658865
466.2789499800617,4,22,11.331418652243151,121927.9881939022
1455.4399802436058,2,23,0.9562649217887387,457198.4556889267
847.7652497475734,1,37,16.65878485197277,118784.29463681506
1834.8362744150193,5,27,10.219366799144874,543580.7066704299
1683.299123048424,4,20,7.924992088324403,505611.8607254263
1030.0601068363223,4,53,-2.6485810530273035,331752.7174892674
1243.0665413316533,2,17,9.815932469108587,327262.663542317
970.3932390555242,5,35,9.007617424621222,304367.64739288995
1468.660451363414,4,98,5.514767846773725,427659.47034708905
1977.5711602506192,1,44,6.634765774364939,561875.1837295516
1007.1369768322281,2,72,9.866816777774183,279184.39769619144
1752.0232577589222,5,52,7.058817702061585,541655.2524828559
1234.8711908137795,2,29,12.85939033089178,303756.50185331935
1103.563583868828,1,59,6.256082056779919,316073.1792877438
1446.4848200227211,5,97,10.77304214760389,391112.8525185775
982.378838790313,2,31,15.900226844055851,168167.11112617658
1223.1753473264089,3,66,9.817020687187243,331116.7131461031
901.0610537055758,1,66,11.779885619798728,188701.8539284254
2482.3625664581946,1,27,11.463256937002992,682856.0804854907
1517.6317759858644,1,43,10.03998449808633,411144.3813878738
1150.1372460037073,3,78,9.664964290282448,326627.03691360075
1606.989955367111,3,40,7.143128892750441,486695.7248188061
1443.8359751545852,4,62,10.755061452789096,392972.352002851
1389.5152002333884,2,22,8.583662455802664,391865.2887129605
1807.0833500217127,4,74,17.730450841173536,403671.10977838194
1878.7538550236525,2,47,14.055716295549557,465278.96742648364
1234.7494261947363,3,31,2.73602052055827,378040.17258718464
1212.09087967766,3,56,3.014210008909613,394527.656791638
1362.474151424178,4,99,9.347700654803175,385358.914093676
349.0394176322077,5,32,8.023472612801267,113881.46683942882
742.4044689007238,4,23,9.084030408890374,221704.11210133767
2183.4371337222624,2,38,13.255807303261566,584910.3875234931
2322.4838567506417,4,33,11.578679494386785,674300.5041453902
1375.4819802218108,1,55,11.528146152290772,337758.9010785873
1788.2784815278833,2,27,17.230973327476967,406657.5457209818
1655.625077271768,2,36,3.0555422291346037,495707.61426100973
3039.440404227619,5,6,10.519694170744495,903398.5591079006
2059.787455717288,3,67,7.10473726026373,609865.016618117
1436.0412042596167,2,36,17.17717892919676,297629.46325225505
1022.2297796997871,3,55,-1.0467580291167184,326224.2937826479
696.7768398712137,4,64,-0.8274079285650071,243909.0598466872
1601.7318179336116,1,64,11.523181481740254,405357.805739765
1121.8246273578484,5,46,15.631482796620734,256992.50372586426
788.873145201163,3,19,13.86627160658525,159136.15103134874
1176.7135578787368,2,18,5.995096033411458,380651.004797567
959.2259981928025,3,28,17.5321086100079,149351.74012364788
2343.5708175362824,2,73,3.842656257028958,694081.7151625974
1940.8198784747253,3,59,16.537420947716726,472529.29851155885
1496.0136793416914,2,17,4.503858748209282,450967.08055558515
2239.972069445013,4,91,8.240879138313892,668666.0376243657
1538.684153823809,2,34,13.196347689284586,389263.67591615824
1069.3578993358683,2,42,2.668960845519175,324813.80113776535
2261.5620386348287,1,94,17.345116987703836,511714.5164406348
1769.4550218423294,2,90,8.210280842993429,491243.7851759176
981.3769228367718,1,10,10.686380678391446,241390.50082415508
1404.830660958196,5,48,15.811003945203762,335111.3122263864
1062.1908733076214,1,37,6.034373274164251,294731.6191520738
808.600134517832,4,63,15.304068431276946,151780.46077888037
1963.0887737658206,1,68,18.20266785446185,408716.9206931367
2454.708320235065,5,7,6.722105013352104,769978.1603312163
800.7162130904294,4,33,16.846938362981472,141178.82181868007
1781.4846183452855,3,47,1.1971070287919847,547285.6009823089
1174.6787154390865,3,55,11.948001973972834,292424.5084955444
1256.437308117652,1,75,3.857007421480957,366272.10738071473
1203.8030378805654,1,64,14.712842742680944,262760.7015090556
1068.004615160092,5,30,14.302280242111017,276990.41112861974
1524.2608139724134,5,3,20.38689997795622,284837.97160376573
1084.524941794481,2,49,17.106414914762496,199305.8152168552
1635.2284128899194,5,68,9.171144011992725,484298.04924326885
1474.8809452754315,2,29,4.591262563505798,445702.5406144992
1380.5259765667952,4,87,12.82843539834695,359520.5392417636
1046.218168979201,1,58,9.696342948072534,260446.34270628117
1211.6143347158336,4,66,17.75577522297852,243617.52985136415
1877.695612912878,5,74,-0.8319042170788915,612402.2742783647
1750.4585938121904,4,44,20.940283796443136,351702.67818122
1011.2223776007245,4,3,12.659953038059019,244190.35993463467
1549.666152714613,4,25,5.934939391398138,479991.5203373149
1875.6935616858946,5,26,13.66994613709283,494722.04896218114
665.2973594393142,4,45,16.48710710644852,87024.05684260822
1771.6800961899676,2,63,10.571734456518444,459048.25543612405
1168.6881205270765,5,90,1.1753980792757854,386418.32218213525
1785.2993342965797,4,50,8.53076481826447,531395.9224525064
1118.3704217287416,5,49,15.19697526521069,255911.086847342
597.5589496677405,3,5,12.483323671136873,122439.51885563607
686.2287810584187,2,58,9.217464845823136,174928.12146906965
1524.0424733306909,4,14,16.541579154457178,347486.60082391015
1629.861250860741,3,29,13.696529204161482,408566.2979903248
1047.8416874477957,3,41,14.081695779691719,224981.26619909785
1819.296229388687,5,36,7.946826540095993,554974.4334800326
669.23996886552,3,41,7.463081591269507,188900.12154535548
1466.9601006763417,2,34,1.5002013965848935,448320.34790310817
894.4919001187717,2,86,8.703041220313718,238494.19419457903
1174.0819460989205,1,5,14.67696026899064,263150.9685095062
1523.699335658207,2,67,8.979533514922066,437898.59747361665
1069.7933173580238,3,17,12.227694232645026,273381.11186355987
1307.7222278850872,2,72,15.555996783266401,280398.0414306565
2003.1464046072203,5,28,11.864164958993161,576853.1798663746
1211.5540652384257,1,76,12.35257380880401,265231.32273241325
1917.846056032571,3,58,3.2108876898122283,584901.9463717665
935.1465726711909,1,46,8.387176079490114,242520.62827976508
1764.9020889576414,3,16,18.633132532482975,377565.6844430585
2220.78431032895,5,95,10.518985905480466,641501.3675726483
264.17774993635544,1,21,19.483690909982876,-106948.58628911135
1101.5523722647617,4,67,6.384421846805264,326822.0228811958
1788.53606359027,3,68,11.169737260672699,489069.04430238047
1398.4773069785037,4,36,8.08660781224066,413256.07516820496
1685.5729366856544,1,48,12.959923425622765,395899.64613752457
1198.0074066420898,4,12,14.475043340300605,278268.0929377319
1543.29489373645,4,33,13.012330478504502,412617.2391381571
1422.1613823039602,1,85,15.209260718740143,314906.52202742326
2083.8910308299037,5,52,9.934135057388366,591151.7570029722
1627.2104216506066,4,86,9.047358161681611,461331.86530477204
1668.8013310376011,4,50,1.209034963620141,534224.0548796
1294.0615169387663,5,2,13.192254675822824,359582.618003277
1256.1968879637532,4,41,10.860920461200786,345478.1341411008
1283.7209060901896,4,97,9.660426312187335,352226.5299762455
1697.2260711891483,4,31,9.045912972728274,514250.6581005596
1289.5077595898686,2,50,9.81560219328105,356640.2317285744
1644.8874284482065,5,84,8.818819342510414,496366.6252173042
2537.7003993227195,4,45,7.359830807183476,760545.9250167249
1935.562351715846,5,20,11.197944403620843,575108.6684582989
1336.9882339160795,3,43,12.420795594664764,325907.7012439649
2100.6069610819723,3,10,6.147160428069096,650600.5985769725
1295.9623134892242,4,67,7.996322154063046,382752.7885165686
480.93773241107306,5,0,8.976891243675658,155278.3734354097
995.956844541298,5,91,10.024066536883925,270893.57181367656
564.6040394870722,5,62,9.359072652071164,145044.82791166694
1324.2432579793456,2,23,13.29860599828197,325323.5581229504
1509.2091895947758,3,98,1.7381649214809531,467166.0937272133
2338.218656137641,5,12,2.624814008299415,752647.6964003976
1663.4636868820812,5,97,10.96784699626789,475440.05815609894
1390.449735595568,2,10,6.986570760861056,414410.45213094563
1914.7027905917446,2,99,14.421211528869055,461387.301835401
394.43234549605745,5,50,15.849004762942752,40408.98838612655
1617.807279054283,1,16,11.168735882114552,419415.6296393151
1885.4325969434835,5,98,4.640125418629104,596335.0394933926
760.7068771100792,5,81,15.272967581135296,144540.4750777572
2071.8770216034645,2,85,10.994513310751637,563616.352812237
1669.248203747207,2,23,2.565320137364412,521543.29360362946
1292.3560430495993,5,18,3.007401759674079,439599.2664981758
1816.3909330531424,5,36,17.584733948543224,440812.23268491984
2635.3464289021977,5,84,16.75567956630615,675222.9513107379
1590.9331275292475,2,7,-2.5857157104812245,500163.67089544504
1624.110293150168,5,27,3.2110455237106166,518529.7851676748
1270.319550229878,5,4,15.704277478108276,314862.7135315306
1075.0778152676041,4,16,9.907537058034759,295992.0673414926
1915.1679082721228,1,35,13.509246427460464,485363.7023433265
1071.9580870455663,3,18,9.690236269509516,292828.1752391543
1535.7831186096962,1,63,13.272462450356018,378755.1623593339
1261.1712766174417,4,90,10.029167733327169,361210.9480145172
1739.4899128731959,3,97,7.811958716215169,503923.5895079531
1666.831052643474,5,10,15.293719149574047,432761.4845193972
2018.7699721289496,4,53,11.010273080128231,581459.706213998
1244.9918005726265,5,44,13.261943581217832,337969.1151955767
1365.0625323533143,2,46,10.787239624803833,362509.6020911469
1010.6181421088463,4,11,7.568215532250935,307349.7462118719
1277.8533699619443,2,20,18.041946556785962,243072.76807402773
1688.6502465224262,4,10,11.774841273788327,456684.3567343366
1878.4943083226758,4,91,8.224756778139241,560621.4958626173
1038.9173379111874,2,4,16.39164735159358,189430.28042943668
1934.80296005283,3,80,3.395881130605214,586272.6050265243
2177.8189294024755,1,55,21.18141825397993,437179.95242690865
1706.7174516118505,5,19,9.104251211682858,512616.4452569438
2438.397906279033,4,40,3.659928963083118,763295.9206620506
1113.1054004482135,5,45,19.529706742287825,195615.98495532695
877.6726483442915,2,11,7.684161934636043,252678.95308490776
610.6398755478607,5,69,11.216222849278136,159604.61672027086
2248.0221557445916,2,16,13.588453707197317,597689.2509076181
1827.1828281770288,5,18,15.920862638300727,468973.8948499259
1472.2076645447726,1,25,11.498872818607822,369386.21351467253
1639.98431315991,1,47,6.763422958349814,466785.96802562557
937.2554763508117,1,51,11.094962616669962,206545.48910276633
2722.875989808413,1,95,7.903422273341393,767643.0828818756
1564.6105909876137,1,69,11.245058381822618,382328.0180842629
1554.6973973024465,1,54,18.14074772878429,303705.1366460866
1862.883311949346,2,99,13.779625958218968,481041.9694643669
1740.5046158683567,4,74,11.033232190491695,481924.2211244502
1611.9420121395656,5,32,13.692454163031702,443092.28904423147
1104.762772277344,1,61,14.050403259545927,241778.84396544297
1735.7341785679978,2,87,4.610629485156373,500699.92910222
2441.012248237517,2,22,10.20861355607849,685957.839925672
2172.7100230774886,2,14,22.81263829666258,418712.7547795905
2296.5933133196986,4,26,16.06410492515933,593826.8468427269
1244.3921617844073,5,74,7.482822204194001,367613.4458040269
1005.1975898707096,4,63,6.983960519411892,298202.8288235748
1437.1065399501758,3,80,6.817371384121989,426090.2881386507
1527.8624561443473,2,50,14.331599751310286,357721.99438637734
2047.0957592354744,3,52,18.038204605581086,443294.946419895
653.7676851425903,1,77,12.91083522240029,104165.34070071274
2264.7751597303068,1,90,10.78581174934409,610855.7484343955
1420.9960507105052,4,81,7.779223211836142,419932.9226648097
1286.55946502629,5,91,11.646865727917634,362531.9325987111
993.9478123699163,3,50,5.899391399518953,301318.16224760626
672.5716640671153,5,46,0.32117226394380793,244949.29695282827
1911.5852919809572,4,3,18.184128450562245,458099.6935775077
1536.658983594202,1,6,4.970936648189453,457546.02965646173
855.019550129473,5,34,8.375838131653403,285993.7402879133
852.460613968192,5,47,13.281787253146454,195498.16493174576
1332.107650354936,1,72,17.172334346730267,238446.2845174563
2334.5107626446966,3,71,11.285653262093106,658609.8281000206
1370.2043243181977,1,44,4.031445061695859,416678.15798210975
748.428523440947,5,80,8.493267751542245,220452.80851390414
1377.1284679570279,3,80,6.6075729748746035,395202.3183700677
1363.6382151261648,3,96,9.808944862643395,389393.66073091386
151.5566785292142,1,95,16.15992235634818,-102028.23067087968
1472.8525667410938,5,71,-2.6869429803494214,477436.4832438334
1384.532734895661,4,18,7.943050849862546,433355.31018042506
1848.103182406709,5,62,7.579751818064908,558888.5836760735
2424.4780474726726,2,37,3.7161932755218015,726817.0896387179
2063.2825147738786,4,66,12.927453718748081,556688.3471866801
1365.5556547225847,3,58,2.9251206406197596,432804.04360143316
946.7370456291649,4,68,3.500528603518376,314895.74048875086
2786.67990162493,3,12,14.25534607010307,762333.7786158987
1529.609217007244,3,46,17.502856844813344,345338.5887678559
1506.964645956473,4,60,9.619516156940204,434141.5138328264
1487.9374564449984,3,30,3.913019405053671,475648.70864301786
1599.0423803839274,3,79,6.47222954110875,468647.82045626844
1427.8197940380287,2,95,15.040009736225226,339582.5571155895
1213.1689965598819,5,21,10.582191203316968,369460.62779198214
1226.570529379804,5,92,9.494806115590386,353215.7408723297
1483.6233648920008,2,85,11.56524854956573,395554.92454815423
1228.2876144331176,4,42,9.811700282372797,365791.3580260982
1143.5771086614177,1,66,17.728561488296087,198252.5971392042
1553.2151138459485,1,53,6.254283676531995,420986.63864331425
1372.5113912895724,1,9,5.680204415823932,411014.5707770072
2251.9964942913443,2,41,3.08273240965672,688070.3164256867
174.51509580349398,2,63,7.300061821371548,37819.81025255947
2045.7534259612307,3,20,4.540122626669227,631603.1353897512
2123.0425962488143,1,79,11.09037754326362,572092.6546437265
463.3048837959252,4,75,10.104736827625716,125770.01501397067
1328.6562029598256,4,65,4.604622499660119,420390.3204426933
1314.2795670021042,1,40,12.945696795139863,314657.4017821076
796.2441526410894,1,23,17.58406433564937,101067.39666055495
1111.0916562045622,1,34,11.789191743355119,271215.2376646911
944.7120772670856,2,55,-2.7174909147773683,293856.92901771073
2376.1352217118115,2,29,19.935654853350528,546995.7703856966
1967.8391965737305,2,56,13.734617345355296,500487.0950349555
2135.7775474970795,5,93,19.782091265942256,461310.593438077
1860.8360320216175,4,46,15.453617930749171,470367.2911416071
935.4741143913853,4,34,16.452577094352794,180644.0212441742
1237.7398668601131,3,18,11.026334468005423,344147.2244524436
1744.687280613959,2,7,8.688519939050837,505334.15396516543
888.9360955540274,5,25,11.867405938660802,248814.35924945297
1856.499215086194,5,70,6.456074598767303,597155.4817161497
1379.8373009209324,4,29,12.169404254501162,382119.13351031434
1312.5895962252011,2,6,-3.133931286753553,417439.2692230287
1855.4799841017457,3,66,10.214661226072064,519979.0291715894
1722.1316557430198,2,64,16.723380600510666,370151.19647306466
1319.51691709046,1,35,10.471542894644829,321047.3539586473
2079.664901682124,2,24,18.63741369015494,460236.0701542925
959.4683362000513,1,36,8.681273060756974,227154.5333226518
1807.967803472132,1,0,15.013254564939139,444826.9249759994
1796.550628984192,3,14,5.60864963163317,546608.5435057995
1345.226780343005,4,36,14.809783097776894,313569.44773654995
1663.066511121059,2,12,11.162974541139082,455522.6942327443
874.4432118073486,1,7,8.901247520786356,223930.5378926339
1962.0135096034505,2,4,-2.8694105753220995,608195.0568926577
1407.5489317785054,4,59,8.72811612097225,419450.93732118886
1238.6384897404803,4,72,11.067265096399053,328931.02693527326
2024.5046129184448,5,0,14.143547176099586,554958.608703353
1147.8281547286203,4,35,17.804748995495338,220992.8605606722
795.7693518182201,3,34,20.175163506829556,44341.77214638825
721.6854132380481,1,65,16.231336715614923,83925.55341235008
1803.00497567282,5,62,7.189548373479028,538346.5033137545
859.7853237518584,3,22,8.475979552411305,253271.6522346389
2377.3970909921823,2,8,13.694577355218415,633496.7662023421
459.035296058139,1,33,12.598072299239007,47389.44864857274
2348.228184145019,4,45,18.14172979695681,565107.5392392022
1605.5087336013091,1,77,22.396947093549556,220064.25471282934
1451.6434440648038,2,3,21.335900975491114,237967.90683532925
1227.540456595525,5,29,17.469690998991723,261600.13217138924
1699.5680571760354,5,94,12.639513244714486,451628.99504550284
1481.1826487875758,5,74,16.746625314729222,355820.7277923128
2051.650941008261,4,98,18.307205068641977,474583.3076049285
1557.1138243310197,3,71,9.263498013724908,436664.72588836664
1575.1508807309388,3,2,7.3366951374562035,459693.3745923446
1318.193893893072,1,13,6.162894999641626,379621.5949848158
1471.5271881394663,4,59,5.618076332773484,451671.6347548284
1653.9008844460295,5,76,3.090023387034046,529886.4663821028
644.9158036716872,5,44,11.249508545588638,177471.58493946682
825.9072889471435,2,95,5.001235994559342,244331.8269016124
1871.6320470113574,2,33,6.082389079323089,540277.2113388875
1585.432719063971,5,44,13.506277795883635,427705.0939810341
1408.0083318236605,5,60,10.908045331267548,399313.61482012214
1509.2169665326967,4,82,12.148124703168373,429356.39581964293
1673.7908526808355,3,15,16.825743809460405,388231.37282441685
1230.1201598453192,2,65,14.322649542703976,267240.3710074228
1110.8476372988437,3,39,17.594432907263315,201775.94509272714
1597.9226275488409,4,16,10.399882473890353,462012.32764917874
1010.8136111924839,5,33,18.05895295656198,163690.79934257566
1704.1263778572359,3,15,11.7986838217873,472716.4880280965
648.7081978810799,5,59,10.843531305476015,170915.79287111896
2014.5778186628218,5,65,17.307631031382517,491329.3874880039
1736.2987412065215,1,65,5.639231604033525,493253.47048108553
1628.0148671569377,3,89,20.118002837712375,287298.29875585734
1991.345491972757,3,12,8.589499899813571,596902.7166681349
2332.7372222312883,5,55,3.9094601422533914,742263.7939318808
2007.1850325090652,4,30,13.26750976027931,552323.0881875386
579.5628843341774,1,33,8.113392449408698,126247.32077559584
860.2115166321493,5,38,20.129035459556253,102705.05431622155
1187.5907111521606,2,66,7.835495906074264,314420.349785228
1513.0455251054168,2,7,11.57224458675981,398943.4787954465
1758.8295102345614,1,86,2.8720334226094844,524980.1495676478
1137.1280934232673,4,77,14.064571224487356,273408.33097968623
1593.383382238539,5,54,6.1130496207054765,503100.00048429274
1122.3085338233386,3,26,13.466623451663004,283946.61309175944
1194.241098504026,1,92,7.858273801470691,324596.2474558468
796.6694515758888,4,52,-0.23467343361399884,248383.10741213575
1038.3833769445478,3,38,10.655950451719416,273445.06460605114
824.1576971918332,2,64,10.432142585392176,199616.42511926292
1012.0633735113336,2,16,14.405357868113066,215074.4271315028
2026.8208983039199,3,29,17.78000285919602,468010.66690364276
1025.3005555840284,1,52,19.56204704958399,105551.76295550371
2816.1910324186956,2,12,14.32077106735443,783922.517438414
1746.6589504404446,5,20,11.39309596032959,501208.91909943626
1592.418061847437,3,18,2.863332052422674,523542.10386676015
1070.8211099093933,3,52,11.010104684950036,268822.2263384781
1850.1549397044957,2,18,11.074700849694663,516692.583143825
1212.181086881113,1,56,9.00679870171986,324189.5288015813
1561.0049073226808,5,24,13.164838253004042,417625.49381227436
2780.0422691343974,1,85,15.609528554910671,700508.4187888266
1451.9700501376751,4,30,5.907980347356581,451987.598455317
2074.6366631428377,4,80,5.830078229002664,620954.9266930447
1148.4117874370563,2,54,9.303539941116854,307884.2025727843
1482.5057547515191,2,22,6.923854046460384,412732.8247432067
2385.400317817755,2,31,1.7937339882006853,734926.5144378007
1186.5164711061163,4,61,5.017036318385242,383441.1313630646
2406.2242789984643,1,73,3.8383942648127967,714444.285508452
1853.8759677277376,1,9,16.042252540090765,458328.43831767485
1218.766612052866,2,99,18.51413503004639,201264.34793646334
1816.2038695277604,5,71,4.522832713527066,581861.2493688284
1986.277224813365,1,53,12.730367565685556,526635.6665903812
1810.9049811085983,4,51,14.367582122348754,442347.65274550545
714.8876400547717,3,19,2.538656066700681,241680.63669142907
1136.4314120875656,3,31,10.804894735894997,292527.1989962162
1376.2406822242476,3,13,22.66758082673263,171553.55988333782
1462.7832854499768,5,49,13.385734331788154,379376.31111636787
1810.336048775339,2,27,8.773497293337348,516086.52925432904
1588.850500466627,4,52,7.199067373908955,486846.4642203249
832.3278206449494,5,23,-0.11230792360447239,299431.9379086997
1690.0989255029817,4,78,12.35236828058366,455013.3627531339
1805.2928726419116,4,21,19.739083936271577,389798.97888304584
1779.89522396552,2,29,5.932281228010396,538407.4501214747
2040.3903627773109,3,62,0.32207660241469327,634091.4840566153
1916.961077274452,2,3,6.678879093233878,554939.5623505694
1729.5900396142183,5,76,14.407998729891041,442488.47029042745
1464.9171442706765,5,58,7.857499975889573,447268.2686850771
669.5195332420043,5,86,5.897659535434559,223599.19480606104
1714.809109566293,2,7,10.095774575289296,468794.6041551192
1603.8438435815556,4,81,11.148503735839276,442695.13340270275
1635.7894185976868,4,11,3.0580492961415278,508204.74826659577
861.6257120898453,1,30,8.913581515315883,233020.92576905584
959.4717297958688,5,77,7.513661930388308,296637.4339203246
2026.5764266664519,4,33,6.795478253759587,604822.3052917165
1480.2224230716724,1,81,4.91481665304276,412261.73017694557
1840.7503486863122,4,97,14.706289273973988,468561.9512168351
1514.1591880652306,5,74,6.7780653560098605,480224.66058003035
1514.8780697478726,3,75,0.02527357093357452,458495.24317317444
1969.141902987999,5,48,11.321489109877167,574920.5541500269
1241.9776358913132,2,78,13.625997363365922,278737.01151388814
1548.0603884704917,4,56,6.0199196739206124,483330.3411278482
1268.8623556474788,4,94,7.201686551080169,382758.4712078923
1282.7518862838422,2,92,6.754731397858137,365165.3661713718
1345.4139382656804,2,25,8.266733192849447,366110.82957601885
1611.0668858168565,3,17,15.53425091094911,396075.4465641365
1260.6256891682613,4,95,9.429704138138218,359748.2393940365
2127.8780627867604,4,85,14.197967728336026,564676.5725605375
1052.696348890248,3,37,5.155841842266236,327074.29274815257
1406.5641779193204,1,80,8.081547902095078,374525.6762455464
1280.1344708629126,3,86,14.770069079236533,298592.4986663554
2223.4889421768667,5,87,5.971973007868703,690795.8490578701
1598.2773882557874,4,49,15.060682304542652,385516.9129691075
2015.9222697343175,2,7,6.858079545024309,613003.0035025324
757.219813481514,5,40,8.391687424707904,235272.42947380774
1633.5251329346295,4,5,18.350812936744624,361972.7416921437
1944.8153978117184,3,68,7.820905114168843,567497.7875769126
1541.141994637712,5,43,10.726729013753173,445431.306758216
2032.7401875326755,4,63,13.082182112608681,565359.303729171
1241.3557749498138,1,28,11.132543248360056,325170.7227426258
2204.67372009279,1,27,11.275266744447883,612554.766785005
2649.449061809625,2,10,9.717301280091329,767467.3899843091
1318.5807197801705,4,64,3.488803954918386,425580.056651468
1277.248739299614,1,18,11.741446650498792,312300.70632622385
2226.6922385588505,3,8,6.337657714941729,682159.1486967556
2289.7860728653563,4,26,13.878836087015882,623889.8959747901
1238.569986423366,3,33,16.860307119748427,232237.9679668068
1289.9065914520713,3,43,0.9722136929149237,392038.36111505615
1359.1076955697463,1,67,16.869039137135523,255420.28016492666
827.7747444828615,4,99,7.944711040664783,241124.7464285151
1040.674026757901,5,81,9.345253889077636,295714.52501837024
997.929616623966,1,14,5.4380627374380515,285881.4544451866
1116.1012174479358,1,50,10.942338645331384,282595.5869385728
1482.6575563066094,4,12,10.334074415887027,423450.5986809406
1617.1073662682604,4,82,15.384614126464253,403697.10639072047
2275.2502464070385,3,48,6.293033616848715,694825.1752689189
1000.8229796306046,4,69,18.304012009689544,159147.27926946504
1992.1611992382918,3,55,13.323570431544447,535424.2097659081
1393.0055778872456,1,75,10.454844883877046,364422.1871367725
1475.2681451737835,2,50,9.096078180522545,408754.4716594519
1837.4097460833018,5,36,8.467152764330748,566792.9324874551
938.6389892188507,1,16,8.793281127967475,259819.82082182606
1691.2048730920253,4,57,10.842009784677368,467662.52153418376
1583.226104106528,5,86,8.955000196531339,469207.30335522775
1746.2256320040747,2,89,6.797352717462564,504390.7258441862
1644.584321953909,2,28,10.872296474183512,457168.0759494082
2727.650069955447,3,32,5.818559406373063,820528.6206993946
1181.130007874342,5,59,11.612334505008736,319138.2427064301
1234.5015224990912,3,90,8.884664822596292,344571.8188478989
1188.429736787618,1,88,13.483654546159219,269838.043308741
1222.2614404198725,5,54,14.945371053477384,282202.6030088026
1181.306436346741,1,9,14.943402801723693,240691.22572336928
2094.508265553776,3,46,11.59052528026313,576777.2924502175
2210.2521239949274,5,22,12.174156103834225,631144.8280574006
1214.6268531252617,3,84,8.386244869407824,324767.67640836886
1083.8222134478856,5,20,13.388198442416737,296506.68813675223
1735.707778193202,3,12,13.952506803308616,449673.0444962829
1223.8884778595143,2,32,2.16335423237736,375625.44734868204
1816.4659088777553,3,23,11.89173597803632,515859.45575801906
1601.4615104256497,2,10,16.840649038544335,363812.6580592209
742.127942501384,3,16,8.218548526976079,210311.89403195138
2273.752600665031,5,67,7.127265119330604,694972.9046119775
2397.9388365477607,5,46,7.9006826945684026,728553.8861204371
1193.6056547578069,5,24,2.4756200358543667,414700.85771567305
1306.1492200320079,4,93,10.629919772244552,355072.9268105886
1642.9326953624525,1,72,10.149827200486257,422549.7170902883
1667.2283949935124,5,20,10.985134164386505,467059.69112521503
1829.2721363364153,2,83,12.07988310608901,493971.4664466041
2505.1022693831746,5,82,6.010032989092617,759184.2855723354
1411.5263862529753,4,82,11.365995995110218,389167.0999517949
1100.851377730773,2,11,12.215993299578649,274157.8014787072
810.3403859927364,4,36,7.558041345914839,243173.57342575924
1134.5349800290405,2,41,12.100589991259865,276349.8807703917
1483.4365135631015,3,16,10.403533131933706,433547.98207060463
2397.278931758894,1,47,6.8440511527830985,681882.5271502811
1241.1943504819142,1,27,11.413943482418382,307954.6999270945
1611.8939758194492,4,40,8.546446283233903,488112.97831657046
1491.788551963624,1,98,13.485326370071935,334178.10185094585
2094.196636724042,4,46,8.804168099654811,633475.1311314988
2763.4662129368107,4,17,3.5511720911747,868256.9494280105
1234.5656135398397,4,77,11.334934927638255,333447.26600637846
1255.280278740889,1,98,11.147016239157173,299824.52906150714
2022.080438534536,4,70,4.594314436011693,607954.6074400485
1840.9457448131557,1,12,13.752680577176529,472386.0708563631
2423.3536628680167,4,81,13.491104180677395,687287.6021982983
1791.964092662982,5,12,5.650099037625457,570686.3435905752
1320.3539546064703,4,99,6.7018684947004425,375588.2116144929
1795.3274153461546,2,30,9.289961934852366,514021.69312961085
2054.3517902914537,4,1,6.2057393448118106,645452.5663935753
1910.2410905986821,3,15,13.201985924558388,503747.5866845264
1753.6370155536488,4,8,10.744859746636049,500309.9799177608
2033.337344794577,2,72,4.532214270558821,597856.9380537815
2084.6477952228365,2,37,5.88764543575355,615348.5155096393
2191.0794955187635,1,74,15.938595885832006,523782.79810691817
1824.3549437948213,5,53,17.677811889577075,421844.955451875
1416.4409598415727,4,55,12.693644880262543,361009.6003658418
1573.3568432166614,1,85,8.94362372424843,426756.60416127887
2103.2544832541785,5,96,7.800185437967118,629528.2781442794
1091.5321645063818,4,99,12.748497091555025,262035.1426040529
1684.3366544364505,3,86,10.379602671297434,465064.81769114785
1303.3305938363196,4,44,1.9496427629281161,405096.8676437924
1514.3724114674087,2,33,15.159339912674152,355440.9593761924
2139.2259313036493,2,8,16.729016336814347,516080.90358949854
1595.5495340099517,3,87,13.68626266471599,400002.8620203139
1523.2182740780745,1,7,4.5419440268589595,459247.34550605214
820.0719295100404,5,6,6.815867751383301,282905.0650337005
1873.1267830136103,4,35,0.7114006932114432,595714.5336008213
1822.7420905705376,2,17,17.98024245697778,412445.25606585137
2581.62736165273,1,2,8.21630718370486,747115.2252160182
1346.1108825234996,3,27,21.66644660824891,190974.0353093553
1609.5751638319696,2,69,19.77615015453889,292615.20995391987
1624.6918418553776,3,43,5.482867918155282,501517.8812594272
2288.7266398817374,4,20,6.458661302984933,708070.4298214128
1452.352233806524,5,27,12.3309517117356,405630.2038819976
1639.5107628851697,2,53,1.2272894806686487,488222.7557148257
1803.9482548582696,2,53,7.808704413107192,526227.1359095044
1593.3045615781791,4,64,7.3092049939663575,469865.08330371266
1276.783192724736,1,99,19.25582970973354,178682.49497429514
1597.0449964491538,5,20,10.805089427522278,455353.6692669924
2036.815874929886,2,98,8.576165112314019,573837.7713541094
986.7423502944699,5,12,6.842576336573494,332329.5226121301
1566.484837073438,2,56,14.47024798662397,364397.8072810318
1149.9395925304134,5,48,7.516445880347958,373919.157954765
2097.5233144624212,3,53,9.7485851281875,610237.6405625029
738.4065476081126,2,9,6.804382387640178,201926.13381131363
1220.5390763642058,5,52,2.4123143399230287,399024.34085017943
1688.6059375322604,1,43,5.019824361486681,484979.9602796825
2282.7620146171703,3,46,7.490141463176532,684227.0493933101
1467.124869463506,3,52,8.683725848681854,412152.28005481506
1222.4002366534007,1,73,8.902880370382464,306278.2367807877
2440.578534720295,5,45,9.555401497406189,724263.4537604015
775.993049791878,4,12,7.556561849244955,253541.04218379376
400.5970216899591,1,36,16.74563174084203,-19154.146931385825
1720.0072250266662,5,23,14.739920599284911,456753.97650495486
1248.9728878236945,1,1,9.324453664045809,345391.4592561101
989.3835914346434,1,85,11.271291398704982,211171.31660572183
1854.1782236496767,2,80,8.139558792735224,518133.5171531598
1621.9003568855994,5,99,-4.217426460258878,507941.40596381
1217.9606846316358,4,13,10.102465064630124,346184.75536190084
859.8478006645528,2,9,11.52807180625608,226750.66591820927
1936.2286641400724,1,34,1.9366912097988624,569909.9888701567
1825.1005889793305,1,24,12.497055345973013,465549.37950131437
1450.4120681103086,1,2,8.597116610275954,410673.8560225487
2423.318498023833,5,16,11.689668603173311,699192.440003309
964.9576168369238,5,11,8.748006763149572,270105.14789751975
737.2374145376306,2,53,16.254772371134244,117809.22423673277
1154.0459650593777,4,23,11.131144102920434,308919.5511355583
1477.206991822251,2,28,15.012082293360036,350489.7173821864
1621.669724661346,3,42,15.423630710874725,376622.81353344326
1379.381971071835,1,24,4.402221369557947,400694.4657574243
1676.0276982571484,1,99,6.3049156498942605,456902.99877419136
874.2302879047779,1,59,12.25805341363128,177927.21562308384
2221.88230203663,2,89,8.172313581209139,628928.5178016959
1458.9244108037155,2,64,8.806966153718522,404770.3400512939
2058.647915794064,1,83,16.432824110853048,472249.8321853381
1671.362673188852,2,27,8.44816810903965,465907.8314877201
1728.376609576892,5,15,5.1553532587570885,546985.1509783396
1784.883640116102,5,46,5.8309999918220266,573734.9182502645
1723.8542800086575,2,80,20.911782505963505,315788.86566835473
1821.361379933772,1,91,9.108902598073815,501279.2309986806
2164.5762650662155,2,57,3.178761223910448,659551.6105279481
1598.260584850735,2,75,1.1527070234170278,504422.0367256565
1854.501878794256,2,26,6.876816786629432,553217.7356757276
1455.1321528563867,3,52,9.017389402863083,421924.8886408578
2220.0586077247362,5,41,14.745868532138363,583451.4326727311
1161.8038489703652,4,58,14.261725832308835,264116.4372207556
2400.470216455408,4,46,9.968267894635824,700930.9793569967
1479.9210246778282,3,93,7.729157069202055,417431.9506524079
784.6124489409759,2,33,11.69800926710845,170382.47140538346
1564.0522074553946,3,36,1.2562696193180596,482401.9650760851
1159.4741712625596,3,5,19.905404469646086,164493.98140685342
1920.321774494362,1,6,13.270527979283056,488929.2310630209
1173.6880103488045,5,95,14.334951098641362,283755.34715253074
1276.9082833926102,4,95,4.629233090616946,411320.82477899845
555.2296345272345,2,24,16.41324320648298,55041.43590772668
1273.8468403754616,4,32,7.699914194868525,392471.267658864
288.06033668552163,4,54,5.2372093859071835,85668.58608575528
708.0485882571384,5,57,9.804138146968903,204146.98112493622
1880.2073280721488,4,6,9.687224570058131,555271.4394533043
1892.900079325416,4,56,4.607314637440016,588963.7606829522
1712.7287808924823,3,11,5.525313232293174,522747.216415493
1016.5119284353934,5,15,5.133841123359749,355396.1836008149
1476.1443219290102,1,79,5.1814246607158765,424147.47098434396
1498.1987304547158,2,42,8.059510464501997,430083.9982220749
920.8176554037286,4,99,3.0550743191377103,272154.15482492273
2251.6991508835754,2,76,6.5431275129303215,657836.7296203965
1938.6811452878358,1,6,15.225672741921345,485986.38186461374
1389.517913085168,2,99,14.116547260520917,322972.6767277004
1513.4429194972654,1,50,4.750603795536227,421192.84824066696
1604.1914039737762,3,72,14.791024586471167,382973.4663018733
479.1325657878547,4,31,0.16780365431975497,194844.68537678488
1376.4113087397016,1,74,22.145721610060768,161400.492603939
1159.0078760011006,2,7,16.50156596067796,233375.68305013864
999.1899950525423,4,96,7.201340439299466,310817.43932729075
1359.4498535570226,3,86,11.912132808675551,348139.3606258755
2398.843263424761,4,88,2.9954033594543548,745477.0569840921
1820.421430633505,1,71,10.302213949629067,492972.58182966925
1214.4105051086017,3,44,9.081684837487666,350536.1404239577
1786.2913906780793,2,85,5.826183053038022,525707.3692880048
