Feature_1,Feature_2,Feature_3,Feature_4,Feature_5,Target
1.0215186946082875,-0.5481663559692463,-2.079610149207306,2.9887989781687043,-2.282636916752545,0
0.210296652869151,0.3788105294965933,-1.5581155650561165,1.7377495347195415,-2.0838062344391344,0
0.3122189314309778,0.2666727637833204,-0.8735067600910063,2.4227991502650217,-2.373238815201141,0
0.6135767022916485,-0.4879933162072253,-1.8249854137963937,2.3467513072421653,-2.1720249840562205,0
-0.06200144781350159,-0.8377094318949696,-1.4149381431109849,1.1246677109112513,-1.8266836981540842,0
0.862149195943708,0.08507903197998995,-2.454703571193714,2.2720626535447397,-1.9336529517407832,0
0.4150904507945341,-1.621394156122169,-2.872236505460343,1.0931181707969162,-1.5824440686479364,0
0.5921064172766854,0.03390078412545998,-2.7569694442068613,1.5582586104734286,-1.7390710476980566,0
-0.01345692319417735,0.5957022501755148,2.4653690597340683,2.1994074892924873,-1.378405682653359,1
-0.0952489524100788,0.20001485117174814,-0.0005710223736243858,2.168574380636241,-2.4302216514460033,0
1.3808256791518012,-1.345583400104966,-3.33894777813106,2.8705477473033216,-2.0619853310059306,0
1.0614318391239215,-0.7005368280095384,-3.3377801928432653,2.11254147080415,-1.7839400478581693,0
0.7081572020040974,1.5991566845286143,-1.8095124087051542,2.6719229916940854,-2.3539332791231273,0
0.5795148386982114,1.723465340067103,-2.4514779587544764,1.780386165061476,-1.874689010298426,0
0.4910109377623162,-0.7707370597008625,-2.0106957189382926,2.031116391216549,-2.111186680191614,0
0.5674428892821861,-2.5108350014014515,-2.874219436884811,1.394705757117097,-1.6526782692795727,0
0.41593563216335006,1.1040706092820498,-2.002132941762517,1.981898701029691,-2.1779513294384145,0
-0.2591994473239313,-0.2920085455130258,-2.309274829572129,-0.02859249787340623,-1.281332746577264,0
0.22656192196909386,-1.167534215312696,1.6434610800752834,0.4021665301742545,0.579485281057265,1
1.0453853562023827,1.180490877972961,-2.969514310592852,2.341321231137266,-1.9079160805520101,0
0.487383333081687,-2.627065356808166,-2.2638194642979093,1.6021422868027426,-1.7646029489945716,0
0.893755237103554,0.7087186735179315,-2.058548273598618,2.7049583855926547,-2.1837984976170475,0
0.7960176089297408,-0.36391939348963653,-1.964427030220747,2.4356650866013037,-2.023353672057621,0
0.18921616805399943,2.441504342169468,-0.7889587086028307,2.1875743589822827,-2.2931985714168324,0
-1.0498702571033716,-0.3279419202673591,1.8821692377630868,2.533144815389524,-3.633933793033929,1
0.29067512402799256,1.1414643179722508,-0.2298653255676788,2.9573612708151105,-2.720735202172128,0
0.4685669879439571,-0.6302185531976071,-2.506132185405677,1.478249548324516,-1.7586072288867345,0
0.20242768187903493,-0.28839220030029905,-1.3261889564717175,1.8603813044262305,-2.1357499218928835,0
0.6434089904387432,-0.10622149384201134,-1.284233834991259,2.8329426155722395,-2.42517424861809,0
0.4362870412117916,-0.08560808947124605,-2.0551862816147417,1.861696877127799,-2.039296184615533,0
0.3012539947457165,0.7870308368716137,3.2049992984230062,1.9485389531459898,-0.3195249552870558,1
0.8701878171562072,-2.2332788193557644,-1.6718609020308017,2.9921709333739934,-2.374175305684556,0
-0.4503469535224498,1.9324594974495528,1.9552410087583172,1.8753159903282426,-1.9434763726284183,1
-0.6869658726059076,-1.013805932639863,1.334128812914848,2.0563330188122504,-2.756718746595989,1
0.456261105193953,0.6301487764278614,3.0233954952824305,2.1485684012305932,-0.3481986575391671,1
-0.0023175204715677467,-0.5925095652129303,-1.4815402033416423,1.036294103982197,-1.6628880331889782,0
-0.9527270289154859,1.3147798255965035,0.9201553561726146,2.242031085536208,-3.5421882767936275,1
-0.49027242914839475,-0.5253888696369459,-2.28662942777805,-0.4716646279608212,-1.1822842911780378,0
1.09606247363054,0.785812009296809,-1.3145242106042612,3.8741074051855033,-2.795542149147412,0
-0.01606633756599174,-0.6754811770399278,-1.964367611172621,0.8873665438649307,-1.715217178242739,0
1.3887122444001032,0.09682817740951716,-1.8728491098757536,4.058583460639699,-2.7301135901561566,0
0.6585249524783925,-1.5613523357772998,-3.407374161936458,1.1753495948462866,-1.4805679826923097,0
0.8053029619908119,-1.2646864317560584,-2.4706740151085773,2.211563815149313,-1.9684930512687737,0
0.3046968207258389,0.8442832280974177,-1.8896068492958629,1.6047308946905763,-1.9190956127553167,0
0.5609298613928893,-1.1343963827064898,-2.1751083013866435,1.88145544510994,-1.9042296184284124,0
0.35781632680599795,0.4881048177193057,-2.0455047338786314,1.6714069917270349,-1.9631006788224314,0
0.7668726062019628,-1.733826354483668,-3.0856485267311955,1.6691494759718424,-1.6989274588260899,0
0.7444374087354451,1.4432895536319423,-0.6814692981789405,3.3667948674982426,-2.588980358724024,0
-0.05895849329868008,-1.3257937713542476,-2.0465970646933833,0.4634188156769663,-1.371619829670872,0
0.9914491631283633,0.33607116792566905,-1.9796337105738848,2.9748965069476534,-2.2782191298956973,0
0.581992339286313,-1.245593911614555,-3.6613479854445288,0.6891522969060371,-1.1924620688359389,0
-0.019006657848474218,-1.5888184753202212,-0.7940382290738168,1.6172990282815727,-2.0343232284483106,0
1.0727448326635665,-0.9082061822885704,-2.909899772425459,2.4022982613886104,-1.9045413645373737,0
0.544751437973994,0.06416712562467415,-2.610866558854424,1.5669726874680003,-1.7686102269824233,0
-0.3855897960440616,1.1511294059581902,1.7038742004858998,0.9637001736043587,-0.9788894672879302,1
0.2247861718743589,-0.6053929239275391,-1.1381375372055242,1.8793816076051835,-2.0468733067312836,0
-0.4967852966429471,-0.2781192303112381,1.5852827585137748,1.7544990676670953,-2.0347464737215826,1
1.2283663804565839,-0.5899092978657563,-2.643161392983461,2.979467023927291,-2.154959759874856,0
0.43354240491964213,-1.47423727889541,0.2454110331948609,3.4567762954597763,-2.829769551210978,0
-0.16077868172142673,-1.1079830420429075,2.084493060286959,2.6409338565657503,-2.2275364576037613,1
-0.11952787677409238,0.559577061510467,-0.8395655218955076,1.3170023164134292,-1.8997461231556132,0
0.6292885010056934,1.3798386997400571,-1.3725736171041585,2.7422843800285803,-2.3870241937495145,0
-0.2814542444238496,0.38124426647807275,2.0179322209827784,0.6451741147283858,-0.3546274973084731,1
0.33183119282813567,-0.36158858057559284,-1.8908373663633542,1.6560354907528967,-1.9294152483590687,0
1.1848197528109916,-1.7021343999747023,-4.464544837257395,1.6053184022393872,-1.4864472292434672,0
-0.6695614779125076,0.5714083877187804,2.345031219833364,1.9789301862106394,-2.2571891659825174,1
0.9747491524550492,-0.15556569452183558,-3.908959751055267,1.5107266044381424,-1.513371785116957,0
0.3804304143790871,-1.0698953290805033,-1.3976782181310268,2.129288078029013,-2.156926767622318,0
0.42029789283493435,-0.10735479071401643,-1.508325516473083,2.1069692975217555,-2.1115688908018178,0
0.10650175897803549,1.1650321048394572,-0.919238620340193,2.0124384491999554,-2.2937936816295474,0
0.8080279325197691,-0.8979876415443887,-3.250931579810339,1.5354837794468128,-1.5557235319831901,0
0.48194165858741767,-0.1868033912610023,-1.5819821581326547,1.9972664579391464,-1.9249364078004136,0
0.27517595407024675,1.142699916235183,-1.8160928841365234,1.4750858334037504,-1.8025459888353568,0
0.40964088215543937,1.3005268585960061,-1.353425978125351,2.224845223931203,-2.192765633723871,0
1.0320379816369536,0.9362090095799499,-2.5676138227265453,2.6490748759926026,-2.0974079106605377,0
0.9236476780773011,-0.5951034386477235,-2.2015812116742173,2.746427676974386,-2.234045257501335,0
1.1055977305857816,-0.4595489411617563,-2.0352435409541374,3.332075939092225,-2.4894197032245478,0
-0.0625843940288544,0.3497695206060582,-1.2807740735638182,1.3741563642338508,-2.0376564158926174,0
0.24710385154774683,0.5225619208753273,-2.354098386531908,1.1067900767296146,-1.6691963245741859,0
0.41689474404400184,-0.6921522120768903,-1.893316268099752,1.778546564901427,-1.9210195274941169,0
0.3495979872767909,1.2902611290460646,-1.8697613732033782,1.6402029879182016,-1.875864376963902,0
0.49018073431518183,-0.47326504683304876,-1.0446064819310124,2.612850620417779,-2.35017375001538,0
0.08739689902959724,-0.65695517639841,-1.785195626430011,1.1442456600315252,-1.7478932858264398,0
-0.5833562619267016,1.5133362783557256,1.3442120502789634,1.6586053723579326,-2.167498661821618,1
0.36192202071432233,-2.0254180833204796,-1.8298878137192485,1.8163235798059465,-2.025308624635851,0
0.8053948306501386,-0.7578561960058762,-3.2422047914645917,1.7299441240091582,-1.7606806318423693,0
-0.3061102802131155,0.29760494279712235,2.0835295509318312,2.351474377736098,-2.1597833200897925,1
0.22263606700090777,0.08079162972197933,-1.481316501426587,1.7821001656062345,-2.0807046238505214,0
-0.9093941752661443,-0.8327052186054525,1.5706590552923543,3.176235437094324,-4.201217977819381,1
0.577795735567832,-0.2641710099153342,-2.568305341441427,1.5236430109279278,-1.6531460609309596,0
-0.23912030436385978,0.7641052963280948,-1.5060604125281059,0.6549855155258546,-1.6561405861327425,0
0.7857530482375235,-1.0637896161020317,-1.8352697223614127,2.7279388130111144,-2.2968508923484108,0
-0.8090414447476104,-1.1501720603143877,1.9038529437420304,2.764866980604948,-3.4782810714497012,1
-0.5815559737763942,-0.6528084841698033,2.094009201533483,2.8857005409218655,-3.1628900648203904,1
-0.09880319735315157,-0.5361721666239897,2.5523235377788898,2.0379996380600423,-1.3138459364827586,1
1.2027768823754552,0.2886321508983798,-1.6546994309750298,3.721451323023557,-2.5936117395447904,0
-0.6019616679160009,-0.554337967313331,1.5090403569374606,2.1569974911284207,-2.6570425780365072,1
0.2705544035033012,-0.47434544190347283,-2.3462749832381498,1.1268793967486328,-1.6492390080230142,0
0.40845929152367755,1.013455821741101,-1.4450856307868514,2.271190400349935,-2.278683254010713,0
0.10851091310587169,0.184810302489739,-1.631082481884316,1.3730887113574037,-1.8943276506518705,0
0.4636677385029444,-0.24015281230749122,-2.153660294116546,1.8315723112836522,-2.0012939650273216,0
0.2547987588500924,-0.36624169747817953,-1.1483743539969484,2.064678702612006,-2.1966062272444526,0
0.19587302678771468,0.5310966022846075,-1.0883861085308877,1.7864608586285842,-1.9770444183617537,0
-0.550638516709985,0.09697017676084972,1.9985460744082968,1.8129139448591711,-2.0238812499928516,1
0.7587225991243145,-0.8680639066752307,-0.8971465461529726,3.381476905835025,-2.6644534472886545,0
-0.22045421705855006,-1.249395203059528,2.1577863375980426,2.0204894744095845,-1.6449428139844104,1
0.4840834854974685,-0.564981911032076,-1.433789084634776,2.234610814074463,-2.1133345074877115,0
-0.31188753905789174,2.501645035135113,1.504732474323484,-0.29684304443956133,0.3864971644332016,1
-0.22206886707521906,1.308011915661778,-3.1157742509649147,-0.5571675818839807,-0.9776931360674477,0
-1.0229471666353651,-0.5655112882176463,1.6503433170047745,2.09613659006006,-3.2211709892720037,1
0.6073447303155088,-1.4494197291774182,-2.016477324494372,2.1363786417293236,-2.0352688802807015,0
0.8498489101115043,-0.07436859881871455,-1.9317973074287431,2.694590909231659,-2.19519106225982,0
0.7309573755640462,-0.5422823377626642,-2.7947399700988336,1.8826823199138205,-1.868967188544783,0
0.7772642657665212,-0.6190727365172086,-2.1034726418952565,2.4394028051616177,-2.1113349359691758,0
0.519151105208652,1.8065162106620096,-3.4090619228455843,1.065834949788673,-1.5922593447634101,0
-1.2181929103135885,1.1833238104431567,0.3576541108944091,1.912019264991181,-3.8433366303816276,1
-0.9441996127538361,1.6648018292404523,0.4926253275287147,0.9203082461412853,-2.3063986220195702,1
0.6368806075112379,0.5542247039460395,-1.9079856168988418,2.2846973354394735,-2.1011562166726656,0
0.5403941510487553,1.9928326252700297,-2.7066925454636475,1.4934119646522939,-1.7354616393940603,0
-0.5581929190917967,-0.7604181998113736,2.0197873841995704,2.6660620672492388,-2.9231776665689897,1
0.01797613487365246,2.484969953586654,1.989481643501527,2.015901207251366,-1.3185211311973382,1
-0.9295722213730265,1.214973511292237,0.9710437078911456,1.3027192930672409,-2.4993508874961243,1
0.1270264729823083,0.6569471123242788,-2.4408879992954815,0.7081651260126709,-1.4790668038348314,0
0.2713290245603237,0.015227020617449225,-1.316294821264756,1.9170405735925231,-2.079681307340466,0
0.8455107853017565,0.6550406137817893,-2.4875245046396968,2.287618995191148,-1.989616833356492,0
0.3795852043612369,-1.9700004554188741,-1.3221777537961157,2.171271645400016,-2.1732178541427336,0
0.22080608580243405,0.18151333150755436,1.7747342616671269,1.5393811206637957,-0.572519079126502,1
0.7603981082114095,1.1154332973811345,-2.37969768901477,2.1152192466402093,-1.9050897987477189,0
0.06844833757619773,0.8074447180083516,-3.158977863607223,0.07874873126430226,-1.1906610860757945,0
0.9296996999302447,0.5987390159931402,-1.1439892435181291,3.5773928933832293,-2.688094135476474,0
0.6128114945191245,-1.7869457313398482,-2.292454395558467,1.9442653931410678,-1.9313081509064571,0
0.20353270874693297,0.22035182927354544,-2.487818030304868,0.9691774177763448,-1.6470328923747672,0
-1.5825503468970452,2.414217312238733,1.414151644941984,2.3041684265267497,-4.437861948419814,1
0.6521438792244665,-0.566128588607568,-1.5838710338762807,2.704799142030139,-2.3921714367050946,0
-0.27101498906465915,0.17698631145506066,-0.9850901755667496,0.8025418636321615,-1.6616529873031964,0
1.0244730287941712,1.7666554892914357,-3.588236607468902,1.762561782122272,-1.573257241818113,0
0.6701541010334104,-1.3889081710291074,-1.8543896632264352,2.452104485312264,-2.2021977001244437,0
0.5870535021291159,-0.5540552934127837,-2.3900713920606496,1.7261472393812451,-1.781855958356641,0
0.6491452523295738,0.12652320501805506,-1.9604314095852355,2.2232826230351392,-2.0370651058119726,0
0.5942189722099449,0.4796797395099632,-1.3458140254554232,2.678231331392773,-2.3663405987448383,0
0.3190574371229413,0.15725843678529833,-1.9688852780330028,1.6450161509629346,-1.9686789207076563,0
1.1092675957645235,1.3907324875915426,-2.0117276630191405,3.2248362820397647,-2.3618643197128826,0
0.4294718685925559,0.9965246338965807,-2.7062685574520136,1.0751399184398431,-1.4762186460484032,0
0.8930939374726523,0.8209668843684006,-1.3836691377158696,3.3025780913730722,-2.5515542691942033,0
0.14332306238531634,-0.12442732310641852,2.371106540537046,1.599692922376228,-0.5312952334747416,1
0.25290346773408,-1.4891464178991283,-1.2284745452162937,1.9025452818325188,-2.060454624124394,0
-0.2614787437713275,0.43374922088634593,-1.4006836495613117,0.5368325735586814,-1.5277427927454685,0
-1.0089952979766088,-0.4702435923032813,2.021776576874707,3.732256310997194,-4.772073511123129,1
-0.24190241712483984,-1.0843712084571229,2.752656938684842,2.762088914451019,-2.228357365953366,1
0.291631493228115,0.7917964128034704,-2.4478083610766945,0.9994908085554948,-1.5205736274522192,0
0.5128965882741005,0.4990855654659427,-2.5265723617342744,1.4068465040004323,-1.6196994641009175,0
1.4450930075224389,-0.45379248516408377,-2.8128163830971644,3.488214351427697,-2.4029115590702532,0
0.6093314212192755,-0.5939031720203022,-1.3167437752591042,2.734574954232047,-2.3897457686263954,0
0.6258031636318244,-0.610022977498356,-2.072719798397669,2.0349768323821853,-1.9206410160995682,0
0.46559224045660674,-0.28879530269948617,-2.8489701254446813,1.164674686870041,-1.5666777635321887,0
0.9835454030234596,-0.015917845002242307,-2.3224654791089816,2.680484348902941,-2.1143866615238283,0
1.092938835516261,0.18729554982321833,-2.2302046415957353,3.05576938903916,-2.295234589126899,0
0.48331568592975915,0.6526464071770783,-2.110198519590306,1.7909875708110132,-1.910081380923468,0
0.9472565707444545,1.5351487200075487,-0.7555966819819284,4.025511404907888,-2.979986211135612,0
1.0553207198652284,0.0001866646349733769,-0.8357186764235642,3.9699711553391577,-2.7774251486139905,0
-0.047796484490266966,-2.640897679343706,-0.6441001271236648,1.6789692492558155,-2.087853070097248,0
0.4982115666549458,-1.7645959092770471,-1.077545719530554,2.6435392136750475,-2.382067429870954,0
-0.5820476541712691,-2.899893780274999,2.430204690579763,2.408013369608785,-2.53269685039325,1
0.08444072399992075,0.08528423349335175,-0.9604084521835512,1.8315807163438158,-2.155664780554072,0
0.6305901211156351,-1.4896374214361092,-2.2624880977870494,1.9803118944818439,-1.9287463785056924,0
0.9315716890865464,-1.1378071596536348,-2.912194267631385,2.186643297129706,-1.9080062758420948,0
0.12913149081566466,-0.20902109965135976,-1.7986336919896266,1.4650271522915705,-2.022027017136023,0
-0.09051302517866056,-0.7922089061846919,-0.895386183160833,1.4930503950544776,-2.0589812756980295,0
0.004171336399523939,-0.9159247272624271,-1.01055977486702,1.600897873070699,-2.0630877878440748,0
0.932190927313574,1.8272615049570138,-1.6659950620214228,3.127879034248952,-2.4137942324587676,0
0.6933508594413187,0.39167061561527167,-2.374533853540954,2.0701224419215607,-1.9644748549134325,0
-0.22047105407612605,-0.8259841780265164,1.7128272148378973,1.0412123095623038,-0.7890742559587043,1
0.2863958512260574,2.569907035475335,-0.6442656315477349,2.664775812755135,-2.5805605298783867,0
-0.42887806554833574,-0.14428794263673994,2.4266566731352226,2.7357200287964885,-2.6296180787259105,1
0.2990396001197193,-2.7222777409231447,-2.0151757066432774,1.6080790950169925,-1.980235709660373,0
0.996188005631236,1.8095149185186066,-2.221630672667418,2.784693804684524,-2.164330988828122,0
1.0954817832022907,1.0401885647927522,-2.9644153687194503,2.3253926852538553,-1.8080155867374743,0
1.1345228743692477,-0.019468699077097074,-2.597862029776989,2.905089287603875,-2.2115746010874346,0
0.5293702169669523,-1.7794294488516276,-1.4311427058339543,2.380080179310019,-2.1915399695916027,0
-0.5140369844448842,0.4739340992113509,1.6148276606555843,1.80231338867067,-2.101488376806799,1
0.7556489914330349,0.33972385937475696,-1.5476154902703372,2.843553952900209,-2.3559757766996485,0
0.4607343012313432,0.06863704842771541,-2.5559876792528935,1.4114377724984872,-1.720435805761138,0
1.2987077705808632,-1.6553688814058016,-3.6728130404516337,2.234047752920593,-1.6560441414796578,0
0.1650312298330232,-0.7898474390492546,-3.059604773948374,0.3176052824176012,-1.246373112176748,0
-0.22542658177361352,-1.8460482504440554,-1.765532162750007,0.394690183485612,-1.4609264042756958,0
0.09977242437037137,0.2349778748162469,-2.826703955257199,0.5136487011334618,-1.4680176646124758,0
0.08320855896411672,-0.22094226150476054,-1.1169980643289281,1.743899603293447,-2.126080163819972,0
0.2711726264977905,1.698092906333733,-1.8422225898860858,1.3456499504754365,-1.683296648214245,0
1.0227597583284773,0.09110086660612234,-2.1372821466435625,2.9353314642289368,-2.2467737358051307,0
0.291504257617194,-0.5615879353732794,-2.1461094722524545,1.3194136227110413,-1.7400682251586312,0
0.3587777453730234,-0.03151232442302292,-2.9456021929528022,0.8561511236930379,-1.453391276636425,0
-0.7037706807971811,1.0080040042932596,1.454268206711528,1.877095602707928,-2.549521915069515,1
0.7140012922326151,0.8280660763723794,-1.2084490452885461,2.9829993347818524,-2.4389440802309177,0
-0.344966958478363,-0.6544018951685149,2.0771352068784714,1.8363324542887773,-1.6846859111840513,1
0.6464194801486483,1.2237103406692909,-3.1448511244861708,1.1276406312636222,-1.348827427668112,0
-0.034783006980188436,-0.5895673839924012,-1.7349876641258,0.9945116131732747,-1.7694794420598539,0
0.4182640005625602,0.09412426778927614,-1.73002253890188,1.9921751960865135,-2.079957108131421,0
-0.3564273320474496,-0.2323044937361695,2.8056161858537854,2.7743943631342742,-2.4065063810790175,1
0.20441353768801984,-0.639230561280132,-0.6541373938677553,2.253568855520089,-2.2857855429982985,0
1.1891802900809374,1.2030478522059247,-4.900087377865665,1.1348178413091352,-1.1537296982088387,0
-0.46350771669550483,-0.21347213599941883,2.505932121157322,2.508020053433161,-2.416234459615926,1
-0.6476270151947618,0.8642436147342264,2.037768776582354,2.5649767784204824,-2.9551599484725495,1
-0.40912401843915047,1.197186484622428,1.6362656650848535,1.5699803861872765,-1.679329443474528,1
-0.029237992992923845,-0.32894408535730224,2.4818455461911246,1.7477890962985485,-0.9237296889683506,1
0.37229029275402414,0.41076218957588423,-1.663648658363934,1.8554917493825793,-1.9854510599082793,0
0.5221224907124735,-0.791709350567595,-1.665910051674413,2.3076586332025264,-2.2178880645452885,0
0.7081164928404908,0.187538784413962,-2.490510943359049,1.9470952631545397,-1.85619207493234,0
0.509366490175542,0.8947235146471376,-2.739825606804763,1.183599995690395,-1.473451229107003,0
-1.0640905726728103,-1.4760670917717218,1.7134104227847398,1.7339916239561983,-2.8835232696406816,1
0.983122561476435,-0.29859673760962646,-2.3125186713681796,2.8943066316212316,-2.335606938713977,0
1.240573154538782,0.1443434672966939,-4.099678147277738,1.9056491453434314,-1.5704116154962742,0
0.49500154311034916,0.2820026250168557,-2.6478436454476006,1.3488526220005643,-1.6346527335166954,0
1.1965126354802176,-0.8082184087866364,-2.4310355579874114,3.2409978919886555,-2.39918222848972,0
-0.4880686758930013,-0.429063876901458,1.7752896098456814,1.4617011392033916,-1.6400485442596915,1
0.7486173576513375,-0.7242465320583404,-2.3509145466880748,2.21559643941039,-2.0184124621275132,0
0.7913937724605014,0.2963644392546358,-1.6465125763877149,2.85570970666508,-2.348943205451089,0
0.2604454980777502,1.0527915569027135,-1.9820865310827187,1.3576110460794901,-1.7672104130886643,0
0.6318163113384534,-0.8595000398001769,-1.9309566224701853,2.285741651283823,-2.119326642055821,0
0.2500270039540362,1.569866436259967,-1.0168767200561473,2.081594192031837,-2.171349768829653,0
0.6469617261315774,1.157346311723567,-1.510978749920422,2.529646229177559,-2.188649415220494,0
-0.7048116294694393,-0.575881712458321,0.9883055319038585,1.2435687871977232,-2.066229557108452,1
0.16882157493030636,-1.216325832795099,-1.47062247527325,1.6213438450918938,-1.9951356023828901,0
0.9581001684021826,-0.8214695290296501,-3.047695667175443,2.023205004392505,-1.7457820536481066,0
1.0409763439098183,-0.23937685150891483,-2.6264062888613555,2.642842888062062,-2.099064225299078,0
0.6731994968499233,0.7932854051651251,-3.774932161808045,1.0417342638627796,-1.4584032244848903,0
0.02674448427314169,-2.21004278929018,-0.673629403007304,1.9382157243022895,-2.2504377147249857,0
0.8287991359525,0.22374831957430621,-2.5917262033208437,2.1409898474703697,-1.9030558043498806,0
0.5363796837707657,0.7591785027052609,-1.988579812007646,2.189865005077109,-2.195680700285781,0
0.5681746276257431,-0.4927727282429369,-2.177767669406176,1.9471160402337497,-1.9624108436763112,0
1.0486650419474823,-0.06184008396068339,-1.4991439308356957,3.5051032487236915,-2.5564143554878913,0
0.1278048120052102,-0.5382361859911543,-1.3203446436904474,1.6561798327785882,-2.0401988242899556,0
0.2729329032432347,-1.595636760889683,2.9178915208409673,2.546268486914868,-1.1034541633427444,1
0.15098955345398424,-0.6793845698063502,-2.2742022514017446,0.8030627363937359,-1.4754757828917549,0
0.8823332253661997,1.0357246425830327,-1.8257354896559845,2.8812372022836423,-2.297454748826196,0
0.17576311591592098,1.1646149903103564,-1.387988314669621,1.586748429224052,-1.9156920414941447,0
0.84064928006172,-1.1784403468600457,-1.3590564239871776,3.052724844939843,-2.364900126565335,0
0.34107567322268895,1.0045929091264905,-1.5320282981422428,1.9495220093173242,-2.0839373938042725,0
-0.3944505395175878,-0.08392725487267538,2.227650863056401,2.2775345605166986,-2.169801827668395,1
-0.0076573078237937575,0.02925147970187543,2.716488837711666,1.5702632618718482,-0.6119115829433481,1
-1.015017708285824,-0.3326571805631725,1.7759920872799075,2.2201262465214637,-3.28993738481735,1
1.3352390862187662,-0.7844906432421096,-2.471914023877119,3.3559591342159436,-2.3106814145895727,0
0.457540394294351,1.4182403547575644,-2.028547684098746,1.8410135713849072,-1.972856084430752,0
-0.3234947514905925,1.9898550733375573,-1.0745172293409504,0.8362032444430552,-1.8165661181496628,0
1.018314648741891,1.1029277327426599,-3.202923532586831,2.1806634993517555,-1.873287842635045,0
-0.011307975503924483,0.022203934542636587,-0.6789289684477295,1.852734627841001,-2.2244758869892367,0
0.6432755936390022,-0.7563234246285745,-2.9688131319818285,1.5686997955559077,-1.7488168887125648,0
-0.28615752869010636,-1.9854610204177623,-1.044132548472574,1.0341139971630067,-1.9519849303310195,0
0.14122134051422042,0.5963970691176537,-2.3263151992050943,0.7946197872878176,-1.5025623875972405,0
1.4725584264434572,-0.33849396429229733,-1.981344360533132,4.099799120562111,-2.679294663113348,0
0.4746235901163596,-0.2283383352994422,-1.9710360382402676,1.8997725220413146,-1.9846256388962826,0
-0.42532337060915004,-1.0418475454405287,-0.8724581834340068,0.7611253025644253,-1.8249009994426384,0
0.8101758141931068,-0.25018783320716287,-2.476148891085553,2.0168454646975245,-1.7583791799476796,0
1.1416111641023374,-1.2975096399822306,-2.1080539458652336,3.3502502280497692,-2.4782006701310113,0
0.36316156756541296,-1.0563279993057415,-1.1717891020331415,2.2948153604168695,-2.271451822630633,0
0.20812511786124266,-2.3702524800658122,-1.6960839329474644,1.499704269149644,-1.8907752573301244,0
-0.468298831881532,0.19332032475446598,2.67419777660965,2.8830975414697653,-2.7526562383205873,1
0.9090034190970981,0.21294997367162288,-2.3308069575192696,2.44660438332594,-1.9930355531053694,0
-0.5301611800915962,-1.3834625118283659,1.9392012919553165,3.1189156149724373,-3.3840273234607046,1
0.5286502693155433,-0.927784109060761,-2.8527711112569127,1.417111664524231,-1.7308053910770997,0
0.616956100821674,1.0478511314651566,-2.9688715723830885,1.4490224345954563,-1.6659269968310226,0
0.376085604233498,1.0951604117202318,-2.201919327956582,1.2872025747957805,-1.5906771364529835,0
1.0243854516773865,0.01424416401371203,-1.8225622896995002,3.1277859912928485,-2.324643794380975,0
0.46662489517287975,-2.206418848383733,-1.3711491988119768,2.5162202716817275,-2.4129724842529336,0
-0.10669722527229286,-1.0585037209958124,-1.042893530542731,1.3132992737827025,-1.9535197319682247,0
1.1333033413008518,-0.2621451438679057,-1.4069126324381163,3.771215507031523,-2.6628479484197287,0
0.21603245697627438,0.40191895517392295,-1.3697539255910152,1.8532697973063783,-2.1230418974342298,0
0.32339708811973056,0.5863329755781368,-1.5474624120310216,1.8434160660746333,-2.00721281088449,0
0.43366906013670925,2.444582752582506,-1.8196756682261253,1.8450207883755074,-1.9351619237882096,0
0.5083182465761471,0.15187760961393976,-1.7273928930237705,2.176317125465641,-2.126170911783818,0
0.253959268568162,-1.5215968426326696,-0.064018036071539,2.8612353214618897,-2.615393538001185,0
0.3248198382012273,-1.8259842416276302,-0.9679629486882835,2.3232828620225887,-2.284832019292665,0
-0.7831077282892702,0.8010809637881857,1.6048459942748006,1.8539011469923976,-2.595701923189278,1
-0.8144522018200397,0.3770920937424761,1.909254832492038,2.1432268600610396,-2.8326545844886675,1
0.9945737708303943,0.5469610954632903,-2.0377758474735193,2.8792962616175664,-2.195271974416788,0
0.7344332034793036,1.4294578020440076,-3.466607335399438,1.2070951223691173,-1.413671501446577,0
-1.1538415589047475,-0.5690273622751935,1.926307932559957,3.1004641898163494,-4.380776916891062,1
0.5159216965228011,-0.13414517626645758,-2.355830339122936,1.6398926992528013,-1.7934540336640556,0
0.048309989876307746,0.7754237330893744,-0.41656018502028735,2.269507090890507,-2.4639145309740402,0
0.5546438507793783,0.36141552377197955,-2.6534387765606757,1.543499415092216,-1.7443686347684664,0
-0.5308014805556183,1.8381007079616358,2.2417139209029537,2.5509606696011558,-2.672350804763629,1
-0.45985767831512825,-1.8604479999243069,2.2184530364855135,2.2113452140209913,-2.209936475494133,1
0.5664035538246899,0.43350549994684245,-0.3736931470406033,3.415246299324859,-2.8096925519245306,0
0.606956689572069,-0.8404709356859309,-1.26373405310077,2.7247812006311465,-2.362863183281188,0
-0.08499359553642172,-0.44309487395607067,2.4105796370339765,1.6905052340888729,-0.9815128420620276,1
0.18154783448130862,1.90329268772716,-1.8470774370337335,1.3579935129771696,-1.8434260726123974,0
0.09637164607500925,-0.3255873571531219,-2.3521772572407076,0.7396327286594087,-1.527553969714341,0
-0.33135215304065835,0.7099291292005268,-0.6358467239414138,1.0178323711809705,-1.8506204664830515,0
0.6048718945781397,-0.09530972104935061,-1.6714369907786497,2.4499684681764737,-2.235196026157747,0
0.34315409644529704,2.1640073739123564,-1.9447456825303953,1.618576458633036,-1.892553032262079,0
0.7483922424579583,0.9939297571216518,-1.6076215141273549,2.8943082126348636,-2.444154718676405,0
-0.30336810767770894,0.02879081373848167,2.4097142550389155,1.2707868699714069,-0.8954556613205589,1
0.05296222048682897,-0.2133297993092693,-1.8622377385328976,0.9283559367613008,-1.6069069701449092,0
-0.6329645522372629,0.07698314140715402,2.9149708493260307,2.773447764898966,-2.8116483534237187,1
0.24980418777334057,-0.5869656870923221,-1.3278165763001013,2.04611437460886,-2.2544670863493823,0
0.28881398697242067,-0.2690165464148226,-2.597573559508911,1.0521574402322615,-1.6381988191280161,0
0.7520575872991602,1.9353203365984042,-1.5476923178168525,2.899113572371972,-2.42012908964272,0
-0.23957966537347375,-0.629352099686685,-0.8928523149026657,1.1147775859760394,-1.9027382536593858,0
0.7867417588807635,-0.8650714271711278,-2.1116795282921106,2.5954054014050314,-2.2628368768546863,0
-0.12945026437937135,-1.3121824775277826,-1.1622325570695555,1.2198256940783176,-1.9383729571767687,0
-0.649136474488917,-0.5493598549354416,1.3408204816133793,2.3010024621219256,-2.9495483057014935,1
-0.8236667570703942,0.8986484586849005,-0.7410048086454228,-0.14034739664665352,-1.4740312141609477,0
1.080793983699529,1.745871336135157,-2.5419400381389243,2.7911212832858174,-2.157511091144369,0
0.12557314421553323,0.4508913752125149,-1.1515654528188928,1.7821168233525442,-2.110838952623785,0
1.185493044931037,-0.3119870086480041,-2.0733118633985774,3.400365014369461,-2.446238802840598,0
0.9660004747734616,0.6052237010182555,-1.5649525969917737,3.249716019918755,-2.4478390477866827,0
0.5855847041627305,-1.4281484954450976,-2.2762064076491964,1.8874741065685825,-1.9095859274094646,0
0.047122023001706204,1.4961022334255598,-0.8145938370167976,1.8720887888617026,-2.20240680167213,0
1.24871676842474,-0.5124052146241178,-2.9150220199071004,2.8052757180677226,-2.0440868995960635,0
-0.4069803213518397,1.5753894740561654,2.066660813711183,2.9591515025738024,-2.9674894727182073,1
-0.6120852230993381,0.6983208157562021,1.4727446434536906,2.159027495208869,-2.6895913934736897,1
-0.11910699876414643,-1.5534277984667928,-1.8506613000547436,0.645477885275604,-1.584569175714101,0
0.845353697054336,0.8266415353898965,-1.4808391381373014,3.1465504420084756,-2.5027223858410763,0
0.045002604736500085,0.7439016768802931,1.927478089801034,1.629103064469901,-0.8927466853440675,1
0.1986852898846252,-2.2363290283141453,-2.1446519981771694,1.1549913269381533,-1.7174522215208436,0
0.8853866906459795,-0.2766358691614466,-2.321174242559941,2.668387572999923,-2.260333639154505,0
0.4925367858430818,1.2046744399937044,-1.7934276668995752,1.966467223508348,-1.9570335329698951,0
0.14521048052837704,-0.1946766623579972,1.9548397939576203,1.6621419098365922,-0.7543962474488823,1
1.0785444122739511,1.4458646596420308,-1.3981801780867456,3.660251177536314,-2.631815935959245,0
0.531876829429994,0.33869836883918525,-2.817264458845537,1.3895051425498255,-1.682904194712941,0
0.24103787525759302,1.2010147611718904,-0.5093628720072205,2.5217808451776285,-2.451989104859166,0
0.023122763648957267,-0.503504161887299,-1.446514029926582,1.250206764977459,-1.832595074235937,0
0.05671185085246089,0.029102708325022607,-0.37804855176992147,2.384729034297588,-2.5563394986643684,0
0.41554630404848725,-0.5930721344322301,-2.2270068694328713,1.4910969636782112,-1.750337994154956,0
0.12693137056647108,1.621226879726228,2.431955592557005,1.9933360562362028,-0.9474563934996862,1
1.6582067144451687,1.4555808184893537,-3.1068515275328883,3.63747610085022,-2.3274931209635175,0
0.8383564108712128,-0.31242179149504906,-3.6936193467614125,1.3912953705737678,-1.526076530572849,0
0.43197609491671174,-0.9070081583826592,-2.8379962461644266,1.088879116618283,-1.5374073913849458,0
0.43304534614315915,1.4003997947952824,-3.0843262061129453,1.0508106750872255,-1.5907816986619276,0
0.7425926495286244,-0.7219633271251292,-2.256963923241207,2.2677623583051743,-2.04666593461123,0
0.19732827696106048,-1.7204456102367125,-1.843760522730446,1.3751541385525705,-1.8345696246590075,0
-0.1965821529702152,-0.6041676033158545,2.0019597931399082,1.8983081407645115,-1.5381611505237125,1
0.4746868800788486,0.18676205484824018,-1.2932659409787377,2.5378615419355954,-2.3925573202157526,0
0.7091970070463044,-0.4691413650790981,-3.5179430944715917,1.2604588175835603,-1.5303919404898876,0
0.81524453346112,-1.4627663071111208,-2.4912561288945003,2.267256189021664,-2.018758109860359,0
-1.0589794419064802,-0.10611951556933184,2.4116428275358754,3.6737698452118375,-4.641294442782794,1
0.5228934185297904,0.5108629891483177,-1.9725884015221,2.046274784339299,-2.060698872040993,0
0.8754846448336266,-0.37670042990356545,-2.0238386919430633,2.650775948472461,-2.143169672244566,0
-0.06761283548701391,0.5336479953688871,1.9906030055902755,1.75571633747893,-1.1838254090599114,1
-0.28299555016665057,0.5074209278332887,-0.8438772558937047,1.006070927718677,-1.840156544495931,0
1.0075328539399135,-1.1177788402369702,-2.605589803280121,2.7090269443734893,-2.2147012590153676,0
-0.15768856566441491,-0.3961260979892287,-0.39360210007513574,1.7763801146272575,-2.271568994516763,0
0.5509264444981308,-0.11994127362647256,-3.5421722613139766,0.8038213205546998,-1.3171666215717908,0
0.45485934525585514,-1.6722497745673186,-1.5266736257838414,2.249140587644088,-2.2118032290937224,0
0.755886299216989,0.2214776976759162,-2.061881115485539,2.495918002082803,-2.189248144934021,0
0.2811932080876396,0.51651728439791,0.0960393311796417,3.1426492688743473,-2.804777188285927,0
0.7231473579175344,-0.36010595263818695,-4.182299313236884,0.8393288284172966,-1.3222291613897506,0
1.0735486796463425,-0.001736523275695409,-2.100811884991433,3.172822417861923,-2.3995690114599553,0
0.9992334178335611,1.507633558913684,-2.205405293561167,2.8775463388635742,-2.250566753022314,0
0.14052319757121434,1.183227173712846,2.5756981476837018,1.9175865498708773,-0.7904656032383606,1
0.5196840093057442,0.7322345071326534,-1.463386321074727,2.431290905203749,-2.2734235802083442,0
0.388547681096967,1.0728867429928937,-2.1869702551980894,1.5570566545299023,-1.847874176309881,0
0.2113955245062502,2.5546863259021158,-1.5153698192575362,1.817032985064885,-2.148725402166313,0
-0.944565867733991,1.2526157196195573,1.3699701289196944,1.8924123983750933,-2.9885107534198743,1
0.20275458892208742,-0.1358547163882445,-1.7390161500136903,1.5051791047297622,-1.9217940024229752,0
0.7554448899394401,-0.08152282681934891,-1.7211765927418936,2.706759844106694,-2.2797370302721554,0
0.9028095393504192,0.1798310795379064,-2.3370588866572346,2.610508739668446,-2.177481840707756,0
1.2248248251954945,-0.5487491334148188,-2.682539823000938,3.148129148488297,-2.3528814989379843,0
0.7037444783437454,0.44350172058452486,-1.7000518919117882,2.518535315145601,-2.1578919577038187,0
-1.237256140070091,0.847932173353264,0.847024847931694,2.109335392222315,-3.892454991043044,1
-0.4022242322891666,0.07343451924111885,-0.7509863048925043,0.9161501152419769,-1.9032520282229397,0
0.8349315334872778,-0.7065605788334728,-1.2323636937763096,3.196052138151309,-2.4756809087254914,0
0.3704194405642601,1.8276809829496963,-3.0545268100754726,0.9212603157404984,-1.544871429628586,0
0.6335215314852574,-0.4652168666180802,-1.5682875844599926,2.56502527838207,-2.2696785311744816,0
0.16938543782832816,2.1205681204305016,-2.1431625713792224,1.1562889418740525,-1.7657412388598228,0
0.7723850627030815,-0.7658600900863026,-1.8270133682114362,2.6119738928290164,-2.1936505701753255,0
0.8380000090333919,0.9994190326779112,-2.2733607211745746,2.4948610208197164,-2.136619421029213,0
0.09723876916859409,-0.5974233651432281,-1.5256277818094768,1.4894718273772418,-1.99403515536276,0
-0.15421353007441185,-0.5553080553860471,2.5764617560775926,2.4949478958644087,-1.8738606543691336,1
-0.6417058373672258,0.8618168032188236,2.300220992620589,2.449173845804329,-2.722767204053972,1
-0.42743454857149155,-0.5411253725348428,1.2239767946845383,1.71826158967102,-2.0237086929392376,1
0.7704675236603267,-0.8403915362054409,-2.9124650855575354,1.9124055500117598,-1.8815297986348423,0
0.17578708314208247,0.6494973648592396,-1.5233744787853962,1.5747377174605224,-1.9552931250423664,0
0.07712641150554611,1.5080475914191533,1.828723702120921,1.335032902406034,-0.570193293489091,1
0.7512446504398048,0.021060198364359507,-3.9808945738537274,0.8703662355420385,-1.2315267960231964,0
0.6665016426574734,-0.3754938863522174,-3.592230866225452,1.2408068379939228,-1.607656166457827,0
-0.22161259049036608,0.15971772868210007,-1.3453373878432986,0.8864166197963592,-1.808586744805559,0
0.9496856983894382,0.07575934319837979,-2.6851052253027925,2.364171041655182,-1.9772967742137468,0
-0.5233906984235195,-1.7967380129780532,-2.1275510396252417,-0.567490538688034,-1.0740369249779416,0
0.4129950753292657,-1.5081878543539287,-0.5626553624199464,2.886248541616096,-2.576221628648893,0
-1.1632298296804509,-0.9851944027873477,1.265671659699688,2.7288310003953633,-4.260955353330901,1
-0.7060055582200053,-1.0249923138187629,1.599435299336411,2.0581410770598256,-2.687106507965212,1
-0.847329791326037,1.32596997047509,1.8641687296332736,1.8202224955204243,-2.5644124804098176,1
0.41804846339475565,0.502714891773257,-1.7292754035307736,2.0350833049182095,-2.125043591007494,0
0.5271959937025879,0.5597004724114222,-2.191236027113158,1.6953272257454635,-1.7698313007472748,0
0.7600483903646946,0.07714478588312636,-2.0545256751150194,2.411245891299696,-2.09081190475826,0
0.45448140437193385,0.06884573128385278,-0.4434089463557336,3.0145697291822313,-2.597600081146749,0
0.3843107922264033,-0.16552815135332738,-2.839365699736312,1.1038158208486917,-1.630886515767215,0
1.0548569966597967,0.4788187482130753,-2.783864577883247,2.5149487355182174,-2.0031159997757517,0
0.47548632557303816,-2.2562499347482268,-1.74131263142008,2.0644434838033874,-2.067376866353757,0
0.6855537853481122,1.229774224521937,-2.9768193430322514,1.6609481667523038,-1.7801634652460177,0
0.4187173186179851,-1.1956237708552124,-1.1719634032928699,2.3102309382515642,-2.197626065443376,0
0.757949468871568,0.5956440575697195,-2.1148121563939464,2.50512165037836,-2.215986262252065,0
0.21169510988641327,-0.4847906763568931,-2.0133154423571202,1.2918346809401107,-1.7892752497782123,0
-0.3530965646098476,0.15964776940790298,2.7693974188499166,2.6332852051715108,-2.2670106319001864,1
1.7713575089983267,0.3443557692879563,-2.243840339900587,4.5745558920712375,-2.794345283263421,0
0.6293748962984298,-0.8067463802094889,-1.953795871669913,2.282961203574771,-2.129180411189432,0
1.3944798298122676,-0.31676510593564716,-2.9461249204348334,3.185479046675014,-2.2187359190959803,0
0.1395049704940663,1.9044335081747408,-2.5548935493275553,0.7698570701211616,-1.5675650800102092,0
0.7004968061033339,0.21482650611660128,-2.035724230112862,2.2907681495741197,-2.0536816434167853,0
1.1482094362231945,2.633537940031605,-2.717042078969453,2.696159973179251,-2.0161363631024343,0
-0.19358833945711051,1.4580252755643248,2.7273416846615994,2.049064884114695,-1.411590094217044,1
-0.37824111210974887,1.2083478175735631,0.3901217633910159,1.8502569920756575,-2.4042338288786604,0
-0.4226428732045123,0.443523738462415,1.8506161960041234,1.145801722757458,-1.173423206087235,1
-0.1612483004004841,-1.645592614041814,2.4973238340796557,2.21902972953639,-1.626270758449297,1
-0.25998170288621836,-0.3693867320636845,2.5911003192076145,2.894841279244756,-2.459313152576001,1
0.43936060806289423,1.205956017904542,-1.5922359961195296,2.009833898506566,-2.011114901270515,0
0.3530269813044402,0.3314852620217588,-1.392691759926641,2.0618686255730747,-2.1286839658760184,0
0.4794750649708812,1.4644543122672997,-2.078704388134262,1.8594553701686583,-1.9760011349754525,0
0.7058436956103971,-0.010937837016195572,-3.1856490891967875,1.4249566053978326,-1.5802163616902445,0
0.7924090871717562,0.3450753769458505,-2.9736304604731725,1.7623233197667818,-1.7120721165566122,0
1.4714193110359495,0.2884111487160616,-2.7663912536870288,3.437822437389162,-2.289437145212471,0
0.5758386156244282,1.4258947496245888,-1.4808243468999118,2.448161236191966,-2.2068152591021883,0
0.853405450959011,0.7143189358736531,-1.275580117636391,3.3392092032630454,-2.612627709039648,0
0.9880525109434511,0.01631560168577677,-4.017159419646115,1.404594144169024,-1.4221868914552962,0
0.8319498192625241,-0.2278879815506622,-2.2492866413588994,2.367078971590059,-2.003051158002048,0
0.6315812915708061,-0.6151876757156072,-2.223701855082017,1.9436936693968456,-1.87374737345095,0
0.22992911050678844,2.10367310306172,-2.4373250583010515,0.7712631914524308,-1.3770735135156311,0
-0.6849821231137184,1.1936448655732277,1.9876172866943558,1.3195809727970254,-1.7282260078455787,1
0.13575431528287463,1.0936976406914414,2.563964580000682,2.387212625325386,-1.295524052827076,1
0.23059909245139987,-0.5739300079673577,-1.933381960220618,1.3507912408221483,-1.7896480106871606,0
0.01926298030807594,0.1310207620786982,-1.3224047016305234,1.3602375312699917,-1.906421043061279,0
0.5305947466408953,0.1989496964833095,-3.264152189262374,1.0510326034313304,-1.5022554024950097,0
0.2566480843765997,-1.3162700410740993,-0.49110167348614464,2.614066684062131,-2.5164740587882206,0
0.11213073592229494,0.0911882738437822,-1.790422934635176,1.2956176554264576,-1.868652155926822,0
-0.7966551862052096,1.6739015887420603,2.177050142537771,2.052057688463921,-2.6047957147838807,1
0.5044588580871889,0.6573649633895711,-1.6376797888759067,2.219536377146072,-2.143160940199221,0
-0.0031210466110671575,-0.7150218680302427,0.1932941434278872,2.584016716467751,-2.6419925142466005,0
0.4345066469704282,-0.5461110027385696,2.071618497603131,0.5663362567964154,0.9095622507340129,1
-0.10188409122514197,-1.2334975839449034,0.20593000846074627,2.3104204379306097,-2.510138705072479,0
0.7852273702902888,-1.151868384586774,-1.1087943880778022,3.344532268041039,-2.664386643845055,0
1.2308056620699792,0.6082288953073121,-1.600167543869774,3.7714058102381154,-2.579546797802174,0
0.5074556540509284,-0.8177154757301307,-3.2146433244100594,1.0062657703453817,-1.4736889923825118,0
1.3975505905854304,-0.29225521544384025,-2.1839381360430785,3.775508679452977,-2.5387859341791863,0
-0.6682622851315045,0.6627258265192667,1.241852390572136,2.2980032303357403,-3.0155987937259248,1
0.23761327207762273,-0.7492156170889224,-0.6589639074669063,2.4930439064626126,-2.4851148775693392,0
1.1501032652120544,-0.3773420769478101,-2.8047472568726315,2.6447557394744337,-1.9929692951858204,0
-1.019732418291353,0.9495229179610088,2.2457597513723275,3.6271807737823067,-4.592789179020516,1
0.13951075517243683,-1.1326637535596475,-0.7427720670432905,2.203505718903038,-2.3726778228888414,0
0.17764361116130067,-0.3657996727935024,-1.6025784533461116,1.5763225007929824,-1.984509745523847,0
0.8792816402583847,0.9200114600053961,-1.3009363273764845,3.236403077260047,-2.472581760857686,0
0.5298356794466987,-1.8360719875025393,-0.9357548251935535,2.758092516304997,-2.3962881227144637,0
0.556679496639421,-0.24936410162594572,3.173455370734733,1.6650904004290157,0.37984397719367813,1
0.25880072512903207,-1.3582116685261956,-1.542821467094989,1.696376829857857,-1.9558535201867011,0
0.3056531077621495,-0.4873894162901053,1.9180385296904308,1.6727503667213406,-0.5196130194607096,1
0.3970878227439796,-0.35870377304891893,-2.246206649129249,1.3645179857878897,-1.6548476702859674,0
0.5983169371568196,-0.2828867205196255,-2.4030309348788124,1.782985731084669,-1.8282392038068696,0
0.07626682755988612,-0.7893470120509625,-1.5244979875244398,1.4384780183095112,-1.9740897249925808,0
0.17336718330296974,1.182352844091784,-1.596283186542643,1.3720637846195956,-1.7746760334724594,0
0.7914122937122194,0.4121091610202864,-1.9941685036897896,2.4195390145243407,-2.0253749535520176,0
0.5919099750569123,-0.2395073687649446,-2.667700255103103,1.603893021014121,-1.7528281889976738,0
-0.8973219259053029,-0.7602909475639799,1.7710459786003991,2.305940845576391,-3.191081796707192,1
0.5650706017912217,-0.38479553417306533,-1.5940349200283634,2.506103795589824,-2.328760568729602,0
-0.021228381405570484,-1.5630894981604142,-0.5450466602544657,1.9876230202554104,-2.3304405447576464,0
0.7951928802504133,-0.7276723548562242,-2.7849258742965386,2.0957241344440805,-1.9845929418203296,0
0.15193114034266775,1.8065346714593336,-0.789582299123551,2.0190660991129463,-2.1770641406532145,0
0.5418322096171968,-0.5038467528248772,-0.6483126141559468,3.1133705291126423,-2.6387283479773607,0
0.20431904810290002,0.3535478631986765,-1.0998150307835277,1.9360194976438831,-2.1247000286731024,0
0.7121932536693676,0.11955692459848473,-3.589068023535548,1.2136773510415269,-1.5038904128562296,0
-0.24057518282099188,-0.6859980417194214,-0.31595653234412935,1.6286390316722434,-2.2209548447265135,0
1.0169995375366883,-0.8333735587954348,-1.4116111497424224,3.5306603794402864,-2.6007925126104134,0
0.3625040348729125,-1.396934091467959,-0.9157110695090411,2.4602075181247507,-2.3472547347453836,0
-1.0470163444077862,-0.1268807141021942,0.7421704488029335,1.7391694982732855,-3.2360608096550623,1
1.703642298130347,-0.3341364484598427,-4.41390819837122,2.700988638646641,-1.7755056749677598,0
-0.4754543496013248,-0.12673603578590625,0.43319888068960277,0.7345416498018646,-1.3744483168065227,1
1.2454369794640952,-0.7222688836538869,-3.399539755680758,2.484912204845126,-1.9002002651881247,0
-0.10048925327914571,-0.775034189423724,-0.8258350942867887,1.5870369333869534,-2.1469406974086294,0
-0.2570266377818071,-1.5763517088994359,-1.4076715820251962,0.7085062446205692,-1.7033660656499587,0
0.5792070734966122,-0.49605231253974436,-2.6587946597241734,1.5386638031791726,-1.7015382621566861,0
0.787981947689715,1.7467389375083464,-0.8099336497561229,3.5552156970183892,-2.765674666580245,0
0.7487299131041785,-0.3217062178214337,-3.0710391924459746,1.5154226859346847,-1.5613913976302896,0
0.6442310721314521,-0.060917832770783234,-1.4353622272001787,2.722871112493202,-2.3666565935680506,0
1.0214931202124449,-1.9321671625260497,-3.8167399234553248,1.6245501142436227,-1.5214424103148299,0
0.5487735298508654,0.9016233760593639,-1.0195215447225396,2.691740790134146,-2.3282837467906106,0
0.8701362560496053,0.6207475552794239,-2.3619812989855364,2.536841208746023,-2.1627676976777157,0
0.4079293261304392,-0.4540335803194438,-3.049139383200052,0.8596899920545127,-1.417371519279855,0
0.5147718844697902,0.25216735047557565,-1.361007445839303,2.399681426055734,-2.2087117788831847,0
0.7636610444826823,1.286503119071931,-2.711382687043276,1.975934941986768,-1.8816345005567057,0
0.9766223326885417,1.3680984817638127,-3.3867550791905585,1.9657056205849541,-1.7862540256438761,0
0.2676580343863293,-0.47386487015952894,-0.8302836692003115,2.32166352552845,-2.322677653203212,0
0.516209304194411,-0.01016572074277691,-3.4166477003933595,0.9092051868139677,-1.43559748955076,0
0.5306452688259549,-0.3674105867948155,-3.2501643648218916,0.9852081754419417,-1.427703374354318,0
1.1959527123572422,0.17255019180419026,-3.1300108471770898,2.6594502709766843,-2.0595698047881603,0
-0.03222042753833698,-0.5626920244402328,-2.2075564459092583,0.5570167949817608,-1.4885990214987954,0
0.6983147662700744,-1.137687456550734,-2.7731158157037434,1.7111314980399737,-1.73352854535618,0
0.39175183021627324,1.2865973693976245,-1.327075702314898,2.171630592353682,-2.15575951947373,0
1.1510537546484017,1.0043766347631322,-2.208824530272514,3.090292953682834,-2.228993154026349,0
0.6235458497705999,-0.5026196138317597,-1.1367905930463835,2.9058968756561483,-2.477035342478596,0
-0.8059441847192284,-0.1165103783469821,1.0419008506114906,1.4820514872999815,-2.4597585489870895,1
1.0637662953111489,-0.0001191485590934855,-2.9606221044193486,2.5800464700278933,-2.125189612301769,0
0.5879498903769245,0.3388915982185217,-2.0405643145999446,2.057804743288643,-1.9935563402118142,0
0.9913266626421129,0.024407339533162126,-1.6125221929148368,3.142924050110841,-2.3130740465622006,0
0.4043031809193176,-0.35071044462349615,-1.5913953042179436,2.0564335106724645,-2.1165260352026865,0
-0.14422316751246433,0.21802509213256502,-0.3427794596497977,1.7768223023348646,-2.230590722048249,0
0.6118310115264887,-0.6958614201447756,-0.5810115208327864,3.363300874531902,-2.7615358631825666,0
0.49915606389529055,0.20971329919736692,-2.4061667944082563,1.5345309632651778,-1.7294985062457253,0
0.5064035146841694,-0.2029174630104449,-1.8258357478729592,2.150233030077788,-2.1398914592699922,0
1.2777828803432394,-0.10648788318054717,-2.698865710246431,3.069843217769306,-2.191174780134455,0
0.5670144642104509,0.3382524875291783,-1.2853664575860957,2.6541927602929065,-2.361895210524349,0
0.055034629243974065,0.9280450710056922,-2.1039623943425365,0.8799579180826234,-1.6460385294916278,0
0.219938705475325,1.150607550593069,-0.038297831556178163,2.8258063860228715,-2.6234469314406175,0
0.4747236970326436,0.08432382724223389,-2.0158733067355743,1.8326993028906562,-1.9313824513105908,0
1.2194075792398205,0.4730509282332128,-2.8289456719770922,2.7573792687579584,-2.008128866358979,0
1.069697591944651,-0.8332949582424903,-2.3424721468425194,2.8778925800320727,-2.1895825324478895,0
1.3004828965549158,-0.978322207591943,-3.2460849910932756,2.7604858059316397,-2.040913305541734,0
0.15624829597698509,-0.25593056166975336,-0.45306290306517427,2.3655851426765793,-2.4038252307492227,0
0.49368632060591344,-2.498493587871451,-1.643624386736859,2.050246941953162,-1.985276943964815,0
0.38511934788751745,1.7701676156472728,-2.0129474964024068,1.6410100549546853,-1.874375765862595,0
-0.15226434865793204,1.6512365786872862,-1.7678702540960893,0.6329876676625998,-1.5932709874973656,0
-0.45653229316789157,0.346636196565839,1.585946471143116,1.910248225942352,-2.1326649357718805,1
1.326155262935131,1.366154628273648,-2.3453839053049363,3.563260439882315,-2.4941128923682134,0
0.41109899810432515,-0.302961376874301,-1.946285097760978,1.7461118976081582,-1.9168205193159997,0
0.46246811235046836,-0.7922983922041061,-2.603332080323592,1.3897503668684483,-1.7131367677631681,0
0.488511772135358,0.6731320206897123,-1.2176148332883048,2.398676937723936,-2.1948988317765195,0
0.1906563886487631,0.3984491228578794,-1.530628587880109,1.5830582073468524,-1.9427166940621676,0
-0.039876696772829234,-0.40863591253667014,-0.06289635671525806,2.2026861832178133,-2.4002952159881574,0
0.24400897453211873,-0.7048221709979829,2.4059505564207226,1.664274504162872,-0.4223816527521074,1
-0.4884860841179827,-0.25295169922576405,1.6593531549850407,1.12970793933145,-1.3370882800279866,1
0.7084196531281395,-0.5072714105938124,-2.0079311005284644,2.3202060642274587,-2.0610023754372775,0
-0.8173647852534625,1.2916352267604467,2.3840691536134435,2.6782575438080816,-3.215584572352701,1
-0.15346953040196198,0.09018263749689953,2.0762401489960363,2.399833676048792,-1.9658742769352737,1
0.3826580786725191,-0.9202385297763772,-2.2649417471225424,1.533240205198712,-1.8625189226908976,0
0.6191223236399159,-0.7601894489620864,-2.4760840636483685,1.6674641770557428,-1.7014768549395722,0
-0.3045596231608634,-1.8767187306827366,1.8463505737323604,2.4962513725763484,-2.400713639846958,1
0.02467351169731924,-0.2795683042665431,-2.4068965755287075,0.543629563276558,-1.4592345259485553,0
0.2160350729116438,0.12181470577485806,2.702780276043411,2.2578597921197647,-0.9760673225752488,1
0.8165054302703665,1.4014290022660747,-1.7162345519102828,2.9385354438647413,-2.4220483908983765,0
-0.6943151367777525,0.40346891810791735,0.8064532306366974,2.060185963601044,-2.9762981072026338,1
0.9950297287206518,-1.5443773533483862,-2.74289146528087,2.5035889234703963,-2.0723792135836505,0
0.4212640367653846,-0.561782494830015,-2.5509834334548467,1.4038568077647593,-1.774540519227464,0
-0.16880356229783,1.0033827642199402,2.1524334262137095,0.7421758594009709,-0.22187995676472116,1
0.5528026248339108,0.0005000650336295328,-2.5142587671113863,1.504860876003554,-1.6531013116714501,0
-0.3763839706369174,1.5292965508395333,-0.7330301967292843,0.8980222091872649,-1.8354073672373723,0
0.5617743007170993,0.023895096986299567,-3.008037606112355,1.227400308374767,-1.537945743923333,0
0.2810035742665895,-0.5013692716678184,-1.4889066041095733,1.8496240711246732,-2.059861512801026,0
0.552209454350691,-1.3446490274694252,-2.3405135835631183,1.8073955324004543,-1.9044803891141995,0
0.8205810033897405,-1.001062213384433,-1.8653780144660397,2.6528728780439836,-2.173234719913406,0
0.17251158936120792,-0.9788142460811394,-2.0719463819702013,1.1427924922404582,-1.7190294183321289,0
0.6233643416620214,-0.9205828940058789,-2.7443995680820312,1.7484578605688796,-1.8831282922116603,0
0.2767945445390003,1.4695825373608864,-0.40171648425397755,2.533843009167249,-2.3651373064012886,0
-1.1322059962521913,-1.0359109850124564,1.3587861642809478,1.1709982037423172,-2.5400248939715686,1
-0.7861537987553736,-0.8841584799437681,1.3181748784879317,1.7639318229184073,-2.616853287326782,1
0.8106406295011759,-1.0225853502720914,-1.3759839037480543,3.131870976123195,-2.5031349077659595,0
0.21141349586918512,-1.847408384527915,-0.4672317026735535,2.329825933329322,-2.2823329597819093,0
0.40300384279904966,0.5334850768245277,-1.9547154174395052,1.6498379319345267,-1.8321733618865634,0
0.8061223852420146,1.5677961311964723,-4.19759807441685,0.8101561982216767,-1.162998079390852,0
0.6767451509639393,-0.6119221214117702,-2.587112691745403,1.8810923479593606,-1.875069869686108,0
0.7627368653022883,0.4874139269048432,-2.837463763402638,1.7327562684759674,-1.676607438792899,0
0.37702841227464323,0.9344277832313074,-1.6470240214384384,1.8765279627309042,-1.9934284688325037,0
-0.06793201814305116,1.3414319753737025,-2.2049703860646024,0.524626586103984,-1.5115097341510113,0
1.0436924901861262,0.2767229725883162,-2.2200311403178836,3.0009817069577145,-2.3136578835710133,0
0.9583521898585707,-0.045861259369021544,-2.6060607632653534,2.422714451483473,-1.9941764963864086,0
0.5446191394843811,-0.6810551606146789,-2.2967644198573414,1.7729263603971086,-1.8637340243874256,0
-0.5226068149954977,0.3332400365224288,0.45118525771515317,0.00032915827796764496,-0.6735119416811435,1
-0.8698834310924143,-0.5777505081541768,2.0635720071337693,2.1172394142645334,-2.835703727450625,1
0.21656821412567284,2.2947685915477845,-2.104894076853866,1.200886676852684,-1.7212777571978326,0
0.08358207162177744,-0.7250967209741775,-1.835787945338666,1.1427326949948537,-1.7720131675055892,0
0.4502993138286615,1.1606990035971831,-2.4893206281352036,1.4837287123241594,-1.7874857507606685,0
1.0531233493419148,0.32543685943381034,-0.9217886632249359,4.100413297527305,-2.9510792511840007,0
-0.3573237935218928,-1.2506960629882262,-2.128649802964711,0.010310486804977925,-1.4115383103692958,0
0.10797047909694502,-1.253295627303265,-2.1460411524188174,0.7499424688028371,-1.4400233791276864,0
0.020228886444469518,0.3509425048957069,-2.023023631119124,0.7990037781902926,-1.5862853652169937,0
0.18739898701541213,0.3406541364121413,-2.4221813059338624,0.8647611941715025,-1.538292900939191,0
1.2561703142673235,-0.8312707739523109,-1.5080205071143302,3.9963059935822907,-2.738864137323915,0
0.26473802569157323,0.8074618356124449,-3.2308392506258885,0.40015846844188374,-1.237427621001025,0
0.8010781278188714,1.2530889173020765,-1.8756118096604806,2.9158721322837566,-2.484779237026124,0
-0.4253870257567227,-1.2744928824990227,2.1086701763689466,3.159933791047785,-3.191810073486205,1
0.9303096335705856,-0.21339221860714852,-3.0632532767909884,1.940006679515803,-1.7095369966525602,0
-1.200170894351671,0.05976783737328261,1.3154509082063164,1.9004833507504302,-3.432415356387107,1
-0.03375897684274376,0.5053265000780651,-0.8269819043495228,1.6020192079046558,-2.0549189336812614,0
-1.4737117440556196,-1.2081788236455882,0.36994130722665086,1.562412401587301,-3.885995038280053,1
0.9378578622260054,0.0834811255198509,-2.8785530724601407,2.252991508353053,-1.954455363900217,0
0.10726199682515801,1.4049423292181198,2.1006259515461974,0.843651340986497,0.09921450985865476,1
0.1697520666860356,-0.8533033068263332,-2.5502842898522333,0.7650014714808084,-1.5116534208378827,0
0.40173326381252794,-0.10137825626420019,-1.7060296364257725,2.031836308229906,-2.13911708353898,0
0.010157627730594754,0.27899179474847396,1.8651539229167624,1.321099620479902,-0.6500871981630207,1
-0.5902706164294367,-0.6099007628719224,1.8730960628844469,2.648514242523704,-3.0133754225632563,1
0.14080950035189277,-1.0692868554188253,-1.8228349936328208,1.1584146799805435,-1.6906911787028123,0
0.16144934074448192,-2.2481428867921633,-2.518158472936099,0.7834315713773459,-1.5320568216136912,0
0.804922222986783,0.41692950326481654,-2.148807605579217,2.402728701360483,-2.045505005923946,0
0.786317401517153,0.274741902746345,-1.408754542668321,3.095053321844011,-2.5165800005477035,0
0.8527512999706635,-2.185296847334906,-1.9818453576991093,2.827327452224785,-2.3490845639842117,0
-0.10630729002278771,-1.1177496539261753,-1.602222237859947,0.8345502619136522,-1.6663510990254888,0
0.035718333520583956,-0.16966815878122207,-2.37559241815097,0.6813780733832699,-1.5737939745915117,0
0.8746354472419553,0.8168679695322622,-1.5488168423476474,3.067993536980999,-2.3990479066769,0
-0.09876602004400747,-0.038140085441648916,-0.08893213675114331,2.130835815908479,-2.430420048903881,0
-1.0086265651994744,0.19656354764246445,1.7226700404930109,2.568871771597351,-3.6661058173636816,1
0.17206411042626868,-0.7730834555704812,-3.22327373842229,0.14462514975871388,-1.116612685029605,0
1.0054049692896974,0.1494194735091969,-3.327295250551293,2.0590052263627427,-1.8145492141826334,0
-1.2161882248078375,-0.04546497612900444,0.67693772190928,2.284963007409811,-4.108226389510277,1
0.4874096674415964,0.8965886542360184,-1.9985396301070746,1.9803154099122906,-2.0590266829568113,0
-0.5549699186586349,-0.14311573696377775,2.0009422202021305,1.5253415675487345,-1.7282166079901762,1
-0.3615859811990325,-0.3670704059816724,2.500391217980117,2.5504761207147393,-2.2976839220750938,1
-0.26293027584647866,-0.14507659570363216,2.4249422290810583,1.4650100519284395,-1.0278268353186562,1
0.20838194551685318,1.5834772772495995,-1.4129615082012643,1.591304714496687,-1.8772269163092035,0
0.07836643290128298,-1.7381116395453866,-1.362725886169189,1.5241867858679892,-1.998198506002356,0
0.38896527223707955,-0.2216885799990672,-2.323777867888625,1.3814533731076173,-1.7157207865229753,0
-0.16218545046479227,-1.1354666958101698,2.0008446520529795,1.9704136487678705,-1.5584895826247156,1
0.6383608511463406,-0.08804446917604382,-2.5835785675322196,1.8888644787530742,-1.944091942344436,0
1.0501010205820136,0.9327436083455788,-0.958989447325989,3.917201644523944,-2.778082358994932,0
1.282912649658278,0.9898601405859991,-3.4264080862926773,2.5460871842236257,-1.914004802149484,0
-0.28141743492667937,0.3191602900919905,-0.5565592647806583,1.1950246944111729,-1.9250041693845241,0
-1.6126913931094333,-2.057966753396755,1.579585333587381,2.761556691119132,-4.90284717451897,1
0.8458116280527403,-0.4759886023863676,-1.0274852152152865,3.459358637485388,-2.6552814121980464,0
0.8418146856270405,1.029882539130331,-3.049879493891322,1.7637261374042272,-1.6628690309658125,0
-0.09394087127495698,0.7540759331580894,-1.7852783022416376,0.7664917355813694,-1.6455237098805138,0
0.32143161968065925,-0.9976745727406487,-2.1632827852556686,1.4092251692486464,-1.7924188400046424,0
0.2757934276481849,1.7046510059281352,2.74404612129618,1.0067827856390348,0.4495489217666444,1
0.7953839019636484,-0.30136312044018576,-2.2139338129694357,2.410648716753798,-2.0944108775745898,0
-0.15674677854092384,-2.5884166322041997,2.142041046903865,1.1435566646136142,-0.6275296631021787,1
0.5942757907017489,-0.8908896119420586,-2.204952687647239,2.02481795176643,-2.0121208331384577,0
-0.2362548728073397,0.9173151613587754,-1.9176053469220986,0.3209216129606345,-1.4597556424085392,0
0.07645987328436643,-1.1326690518768963,-0.9420253385566384,1.8991511249808373,-2.232414500344743,0
-0.2262191496814272,1.1825657270608714,-1.727963250162347,0.4007200750321762,-1.4540415479312363,0
0.3143842949964284,-0.33869133992187517,-1.988626495200021,1.5474079015771853,-1.8814484235480786,0
0.43568172808404904,-0.8974915631672096,-2.6683630138049774,1.2472326509338016,-1.6321082589645797,0
-0.4323787068853071,1.939988391476335,1.7077217759773853,2.0830592669564805,-2.2278532293079474,1
0.32413419549518796,1.0877398432337475,-1.3035492984602084,2.125183615220102,-2.2075666992350524,0
0.486951025390842,0.31470630755446866,-1.7900941855520303,1.9744012622902145,-1.9731285938235437,0
-0.11312726350534452,-0.5496045846648339,2.18252225205934,1.9876682438094009,-1.4269540312577718,1
0.1639873159559151,0.5428283512706765,-0.37522891282990156,2.4711254170682544,-2.4719915713653653,0
-0.3661516625198096,-0.3775546564089599,-0.024188769338060467,1.5996501423664538,-2.281536859275649,0
0.9073299582823264,0.7903785250428523,-1.2974248694127137,3.398093162944594,-2.5954221345019546,0
0.6936342082006635,0.27402735267208544,-2.2491025027254143,2.040357409236744,-1.8843798245083132,0
0.6727728784275142,-0.7067297635192396,-0.6441935939790016,3.504781483159694,-2.8355771248614485,0
-0.28901104617628603,0.6764418164947713,-0.5268991180103699,1.344878710817591,-2.083118241400392,0
0.5459122859230006,-0.8702562235172253,-2.04570085697867,1.9869410003587562,-1.9893311115580636,0
0.20845695351308224,-0.4924903908336654,-1.3517147867523354,1.7062301099459998,-1.9740674395739715,0
0.39581383015689875,1.5587980694978887,-2.122951504998346,1.5912750470159898,-1.8472970640847863,0
0.694942758000727,-1.1416718217393904,-0.9467764417779088,3.250549009078408,-2.649618939070782,0
0.486699299130416,0.1417658589610795,-2.1415703949183937,1.7471416995744726,-1.8706922343904646,0
0.5608245731233283,-0.7345580968654715,-2.066325329145061,2.0187653504531045,-2.0065080281417016,0
0.1642518116051298,0.16057734961564119,-2.505485452719561,0.741099128351393,-1.4782017489145474,0
-0.6419656250344982,-0.5458425859710776,-0.37419939295834337,0.6490772558753344,-1.8662834645469855,0
0.5316253128936885,1.1446062820500897,-2.569966506924917,1.4434911780334962,-1.6445336367475303,0
-0.3848436089689077,-1.0612935317114818,1.4507353820552673,1.4168653485766223,-1.550887853738066,1
0.07223363803417127,0.9179676706663622,-1.3481282578790705,1.4293760848754782,-1.903019248914441,0
1.0442210962684257,1.9015592551136702,-2.0029808984142456,3.1473412815407165,-2.3826262438566146,0
1.0373182293227639,0.12391742634264473,-1.483948361758903,3.6037894229039606,-2.6725022633792817,0
0.3839496257588224,1.7786551265382484,-2.864133113807949,0.8916983386090893,-1.4184452554216591,0
0.7483471143375708,0.5317448831256588,-2.8075383156794107,1.7381548475198487,-1.6940539160417027,0
0.17533572491801896,0.3778292212221578,-1.646458341241059,1.5580286774869303,-1.9859874078414108,0
0.42788822785063085,-0.11565356854823089,-1.6125397331222744,2.051041561942894,-2.080790274029386,0
0.6141585202512152,-1.632602745687323,-2.6438364149600684,1.5433722753100763,-1.6440422105386832,0
0.59059266737967,2.3502058000057215,-1.455365686683395,2.5189853236679043,-2.247390114673149,0
-0.8375978982792829,-0.09996977981690322,1.1608912113743997,1.41613471087843,-2.3959910595586305,1
0.5750853884361169,-0.21242892991046652,-2.8542725780476372,1.4115700381645477,-1.6502871973141888,0
-0.7372096243780915,-0.24624212194871742,2.261911170445192,2.858653460173952,-3.322069826119066,1
0.9402729342160889,-0.23433491104206355,-2.1240973316496383,2.762669480070816,-2.1942351845005814,0
0.5028719677961009,-0.28616863668797066,-1.6386335207588683,2.272059972324212,-2.20121700344724,0
0.5364989319478901,-1.0195062023841872,-1.3553255971407105,2.491012608774626,-2.2671322670174674,0
0.6428734686333912,1.399283341270051,-0.7817465604592411,3.1849515536747206,-2.6015191964213065,0
0.7305613437353182,-1.1473219676483402,-2.102696011437819,2.2876558843506953,-2.02751726347201,0
1.361562288565233,-0.44029678710755854,-1.8564705720669399,3.963995242031567,-2.6685544508394035,0
0.3544221055382868,-1.079392457099354,-1.0117220109058502,2.2786601324536067,-2.2069009394127748,0
0.5196005683092222,0.48178370786128394,-2.2218398405293622,1.6464178213127494,-1.7426320516673055,0
-0.7814748672705771,-1.4122943199298554,2.0191183704426656,3.0197267964552283,-3.65654550218719,1
1.0430816061499237,1.2823634741156038,-2.0139963532106995,3.1151816107215673,-2.354977768451978,0
0.06663820605420923,0.049802790902832496,-0.5065578505367445,2.1219840642405408,-2.314126348491409,0
1.2184189236354503,-0.7792955995214319,-3.3931276519967306,2.4556774520385076,-1.9108514138046584,0
0.7115040722386119,0.21911060003441002,-2.4987001070032333,1.9798324717846418,-1.8882126395758374,0
0.2758184928432864,-1.3440446284718441,-2.3834708603183734,1.0346523537663106,-1.5582800671383306,0
1.0800808177148895,-1.1860692313994132,-2.8922247710555196,2.54176061148193,-2.0321714064274126,0
0.9516161907632854,-0.3496149900355497,-2.919903944540371,2.1771767651078258,-1.8685507023925063,0
0.7655127850308712,1.4067808557880386,-2.3050889074974457,2.1597181978783917,-1.9147020608723377,0
1.0157548000121532,-1.555970026317907,-1.468714928038675,3.489956891024528,-2.5821339972864044,0
0.4208782554650117,0.9425452284534718,-2.535787971320274,1.3874999106252355,-1.7521382770312095,0
0.15141615961083477,-0.5138386168427719,-1.9984073360660615,1.0882657653235333,-1.6676354020678978,0
1.6504722395640627,-0.20372712804159823,-2.83060399706536,3.821034279785171,-2.426048781587183,0
1.221309733198814,1.1418532448109715,-2.527705797588717,3.1854379241529873,-2.3379821216371095,0
-0.1738238012392168,2.2784019865292278,-0.9204533157873291,1.4034021342448528,-2.109649274783976,0
0.9201797510500431,0.6100231697844505,-2.288038442184922,2.510835522093961,-2.0258128956197483,0
0.07465442053356508,0.7661960091741071,-1.6366277266446134,1.2451526005098001,-1.8171080521423297,0
0.5231864749128243,-0.9169275453299295,-1.8291118995507039,2.150115910315777,-2.113823552022218,0
0.03763970760592028,1.0544121122194114,-2.9505374298078335,0.08968526721077064,-1.1716517306523804,0
0.9647211518171663,0.23882938618641383,-4.664032528969813,0.7891980227097253,-1.0638683632007135,0
-0.37574760256045847,-0.7150632206374263,2.1376964692360754,2.5200972770743717,-2.428723441156668,1
-0.8807662309096156,-0.5713742524172769,1.9259432716559843,1.9960677132482185,-2.7793052860939618,1
0.3543931881453257,0.6186301201097418,-1.2128831187577205,2.237903301831988,-2.241804677843671,0
-1.2024618085513412,-0.13592728985576719,1.4180571148799797,1.7288118480701666,-3.2163930194838093,1
0.5773031172552077,-0.32782352634269685,-0.5482122489298171,3.0145766983804574,-2.438925687909454,0
0.429977012452903,-1.1493716102158729,-1.8593070379050471,1.9195647359176338,-2.034662939052427,0
-0.6768787470186561,0.16984469724903012,1.9258985024340418,2.880524310602192,-3.376870766652587,1
0.6165832957315771,-1.4180599219689365,-1.7954125637917562,2.415837135873571,-2.2282336701930374,0
0.4154043047662197,-0.6421946525342711,-2.2866625580377558,1.527436624525719,-1.811721156106507,0
-0.07320595504438865,1.3369204375647132,-1.3686908759774756,1.1046258939153106,-1.8059720864067068,0
-0.16339568083321165,-0.43874592004829344,-2.1458388368948955,0.3572985569717615,-1.4678768237415887,0
0.7462557896812385,-1.7325440243543537,-1.0772351679954384,3.1272731026956224,-2.4874112476196895,0
0.9891925667708077,0.7450305629127996,-2.161576416907832,3.0280988573946477,-2.4079138781853247,0
0.39490672207244004,0.006211355621786128,-1.8277260336108663,1.7439888182931589,-1.8950942576015088,0
-0.6378215579166692,0.3593025800857549,2.689401159910908,2.4697791438850802,-2.5879136344292424,1
0.47593097773058335,0.024857503751269192,-1.7960733288589965,2.1312311100533297,-2.157870407871292,0
0.8626939126625324,0.7613055634094525,-2.55856867866263,2.344895252007818,-2.0492761058802778,0
0.1442802847931264,0.62152184861589,2.068958039033749,1.2132539210114677,-0.2408301852099739,1
0.7608771063375745,0.031075966875013874,-2.2287896620511605,2.436409801568597,-2.1831195665683234,0
0.8155192962275111,0.677359521686422,-1.4068533312165834,2.936084929225548,-2.3016905709267803,0
0.489713463494134,-1.4211531401456212,-2.4169886977954596,1.497090687306796,-1.70969551497901,0
0.9958314553014516,1.9571745336396382,-1.1447803755793406,3.7138696531268076,-2.724394937611538,0
0.6616148071648642,0.9902384537051827,-1.6261675882558302,2.499361166807609,-2.177563289434003,0
0.620576054021627,0.00946519402268165,-3.00848444240115,1.4599352191393629,-1.686795400148431,0
0.06381896731991121,0.6634477291515113,-1.32252541477666,1.5080391055574864,-1.9893262822727027,0
0.5336156262567895,0.1524347668741858,-2.95715599319408,1.3268750007388372,-1.6683464963487606,0
0.6066219953062622,0.19630441692435538,-0.5203624532295059,3.403670943608943,-2.788939527500429,0
0.9854617298632378,0.17252678292308982,-2.9945569953001643,2.3498773420584342,-2.0237085778605657,0
0.3427137566301188,0.23538826054801248,-0.6896934304768898,2.5897322541191605,-2.4280389983745105,0
0.5551842870484367,-0.30045486881775135,-1.4128094151887585,2.3794529805226174,-2.1419564793459775,0
-0.715833991137165,-1.109952837036249,1.2916207349820286,1.9241314540398546,-2.681199217216811,1
0.020216670801880998,0.5068774563905613,2.299712931595573,1.5029538067269503,-0.6569173976145981,1
0.6893851514326497,1.6221931015494289,-1.7571198877705918,2.497295027341891,-2.180905129735172,0
-1.0521938027816717,0.4105320144092518,0.9782592286974843,1.2093211267174626,-2.5973588851433784,1
0.4866175142186451,-0.2101669077919015,-1.5933816076768068,2.2205264208368654,-2.156031009800431,0
0.6934861328348783,-0.3337788708388873,-0.9504253704198278,3.2786977748984727,-2.6829262705190837,0
0.41166918821625087,-1.6894573383151947,2.265782043387505,1.449397633289954,0.020826894348374037,1
0.31765026541247,-0.6766708032480138,-2.213254075291766,1.3654278685638992,-1.7718740087153553,0
0.8039749755335175,-0.6302864440651417,-2.906515069225729,1.9304653438436485,-1.843861063434546,0
0.4455666165632781,-2.064957387584735,-1.4235837175467072,2.2768280183910155,-2.2161419031561067,0
0.05646313498708344,0.4726630560767134,-0.6912538177091068,1.8551900072553853,-2.1219350847516436,0
0.825702740700698,-1.0463548733703751,-2.08151889075794,2.4035439212410212,-1.986704612753295,0
0.9979080304265002,0.07587738995981268,-1.7237020542798578,3.32345632444234,-2.5347469522730472,0
0.987519296723083,0.702881798595122,-2.7958604317913034,2.5017919397286104,-2.103109636776538,0
1.1074533951815602,0.5251903903377283,-1.719712403760965,3.3534369314466446,-2.387067945142729,0
1.1822377063952711,1.0104138262506557,-2.924255832074205,2.5976208884323313,-1.9375273698219775,0
-0.05225919620473907,1.623263185486201,-2.64583623724728,0.08890440346133177,-1.1990009140726983,0
0.11094368177216074,-1.1788166402247968,-0.4927434176828649,2.1668488184054446,-2.2840442812348845,0
-0.2820946651581001,-0.6927548576980426,-1.1953215835846969,0.8409832727400499,-1.8010789199134547,0
0.7546312773221244,-0.8912185001067509,-1.5158383538006934,2.9201104084959697,-2.425697491933984,0
0.7636411431946255,-0.49435433785671684,-1.3759673951643698,3.058093471204001,-2.501908069226574,0
0.23291986440136903,-0.18138540310928583,-1.7178379171934972,1.6553966098333095,-2.0223462789695406,0
0.15473076919233142,1.2102435005068763,-1.97184700660087,1.1502274769112528,-1.7170315550561763,0
0.34167397280206124,-1.1998597221795984,-2.0009650722096746,1.6856867513969973,-1.9870685725686439,0
0.31338015035545297,0.2482739329114458,-0.5291482679512818,2.752440991434951,-2.584381474587716,0
1.3157210874667735,-0.7286780669457907,-3.4417721950133524,2.63439583416564,-1.9594093017889957,0
0.2512454915504918,-1.692681615510937,-2.898974601729027,0.701181190631778,-1.4471174224794345,0
0.05555792069497345,0.2448193738945395,-1.08263016740155,1.5080676715180337,-1.9101777554038026,0
0.9797050430490879,-1.3141458544552165,-1.4275452975671938,3.3744723304232274,-2.503509658521,0
1.3342957699098352,0.15310199293432541,-2.6162100145717635,3.422917839528302,-2.4381549121550794,0
0.5883770087943775,-0.022577941094418186,-3.1349289697303178,1.2690854932653028,-1.587523730480512,0
0.5835326539582193,-0.241749638893447,-1.887292868773089,2.019344799669475,-1.901215104063293,0
0.3352713999475614,-1.27040874397943,-2.6986323704565502,1.0753749332952838,-1.6262402311077633,0
-0.002882103835971206,-0.24032823743301487,2.10981633138651,2.400397029212682,-1.7093704327360357,1
-0.04424728574169334,1.2548119434691696,-1.5181291443044587,1.1658713162125567,-1.8809563850649706,0
-0.3750781739397421,1.1645834712019478,2.2131488241272863,2.138555865345707,-1.9981542411316782,1
-0.5371572261068416,-0.3371881377911729,1.5594683894786023,2.402684210794873,-2.7903294184509404,1
1.8100439550134373,0.9197033140843018,-3.8921956193815777,3.338685072400603,-2.07084532980577,0
0.5096061698498051,-1.6376049174566718,-2.4142858879249087,1.5418328202798541,-1.723351549728601,0
1.2739352737138097,0.5102276451696075,-1.6720471965969184,3.9195987766920592,-2.692865840162062,0
0.7403977496954868,-1.3938310438129229,-1.4673958671552074,2.901479554050491,-2.4105301373106234,0
-0.5519610533329433,-0.38040725741084613,2.14306879787817,2.935351282185237,-3.148078965165049,1
0.06248771975219092,0.25258992737909125,-0.7972119737651571,1.7511300798336626,-2.043860673040802,0
0.2762231841209213,0.7601183762563611,-1.7429423711897427,1.5708837912503606,-1.8731455720245866,0
0.00639206386043889,0.2871333541229858,-0.7364067311898008,1.7222573828256604,-2.081044115398407,0
-0.008930372859004887,0.1848678838526347,-2.4531438629145916,0.5467818220791325,-1.5348683922495732,0
0.6550069098448199,1.1384155206557094,-2.9573265172184544,1.5899490772164113,-1.747662901629697,0
0.19508921040495575,0.7289091555627822,-1.5447055450985339,1.669600017322981,-2.0317741901867348,0
-0.5447185489389568,-0.3309781736136056,1.5279943885686023,1.8198469655139062,-2.2031368705122683,1
-0.19872250155212545,-1.6255993666594517,-1.3151882765591616,0.788329725907922,-1.656915486228472,0
0.278428129758312,-0.8047245724183811,-1.7606847516649848,1.6933472454868514,-2.004923569004623,0
1.1581097694986346,0.32584085214792474,-2.541557580075244,3.1203437229265782,-2.377483476071122,0
0.8493451243582275,0.3409526902216264,-2.121671258409031,2.594259448039689,-2.163994885979744,0
0.14423218650932956,1.5187183527167938,2.5896132714063387,1.7783612712146881,-0.6329876549339533,1
0.533481122528985,0.2829461845074849,-1.677862205917187,2.210300287558425,-2.1019227626767547,0
1.6543456920531434,-0.4262685566764252,-2.495474434571062,4.211963811475146,-2.700667400114435,0
0.9325402162342054,1.0779017394533252,-3.1749537325516157,1.9429457070234926,-1.7521081121582167,0
0.2854988939586076,-1.6644767353332222,-0.543702061449709,2.6137766490063443,-2.489693228325929,0
-0.02312645754995879,0.3144794724834049,2.4741827880165825,1.572839603043681,-0.733196206849712,1
0.7483989818434374,0.10207491624738367,-3.3323464464842054,1.473671494199219,-1.6189507600333455,0
0.0358534077053414,-1.1802836038228717,-1.663278219370576,1.0451761769865653,-1.6804538355674412,0
0.30965575017164504,2.6450367904151584,-1.2776584707014103,2.0923637549285625,-2.1866095877089053,0
0.6044699105712146,1.6884421557461313,-3.0067082061117856,1.4482916395263705,-1.700003801668318,0
0.7249334070327846,-0.2247456205149846,-1.9080067945981154,2.456809548129801,-2.139014449586767,0
1.1865800326483893,-0.12889918411818965,-3.2508387437027624,2.368166261516372,-1.815733651675481,0
0.44040378915652323,-0.02683184370905971,-2.607309309105049,1.2070840082380359,-1.5587633109509094,0
0.4576313831863994,1.5042142828299232,-2.2556474815905516,1.605708866716175,-1.8134271609488035,0
0.48511384130201096,1.0452510148730776,-3.7784699905129178,0.5534808073183393,-1.25235489823315,0
0.4734962087814901,-0.19776904470561435,-2.9444650955787486,0.9700599126822596,-1.3864956906473092,0
0.4819144221083447,0.326624217565134,-3.7825380969942017,0.532129819890645,-1.2367072196459568,0
0.3970570198732004,-1.368268938725629,-2.059392582701503,1.6610303252058254,-1.89395246615513,0
0.6571388832095273,0.6546766174823133,-1.4854900686992476,2.7110071736383934,-2.352624086540447,0
-0.17243942885187657,2.390766164767724,1.6427885237595599,0.9752286724044787,-0.66899069255559,1
0.5789495527463202,-0.5790453361681495,-0.5702682850173137,3.2836452182338194,-2.727112831474913,0
1.114510943428929,0.8197283316910118,-3.286866425257369,2.270704583726511,-1.8442067049322597,0
0.9653804643402875,1.4903794701929813,-1.8228733345546022,2.9594418310365187,-2.2437742413060655,0
0.7127247004562354,1.970864270717799,-2.589858603263788,1.95348094844844,-1.8937584744257292,0
0.4227619900909547,0.09913833941812458,-1.6035040886641265,2.173872191568353,-2.214505977113189,0
-0.2787812283743989,0.8534214514921151,2.954493035740241,2.7545103239011213,-2.2023090113394472,1
0.2888607195539623,-1.4040012963810977,-3.4378547418143164,0.33577278024470947,-1.210640097790492,0
-0.09531484833443904,0.1196002626671043,-0.4450267211886101,1.8147210586472218,-2.2305229189595024,0
0.6537718704584284,0.836328719335456,-3.2225832614043064,1.3492899240175054,-1.5994892738874729,0
-0.8505223793708296,0.8802850789837808,1.4765106125861815,2.1622634593235395,-3.0780978777133665,1
0.20498655422262946,-0.7419834280919447,3.4067519928342866,2.2823808422672,-0.7480594796978031,1
-1.074917461944168,-0.5219067501050294,1.4113187852711333,2.3693608634141303,-3.684369174680545,1
-0.6406061900698374,-0.930664217960387,1.0239787435961134,2.1676549570380272,-2.9180553392156114,1
-0.6458453935426614,-0.7812967068230585,1.2720647647904015,2.067765792430509,-2.725998952703311,1
0.2200828626141842,1.0932371075822098,-1.7971549769362067,1.4298640850133908,-1.8371041784867486,0
0.15066650749804555,-0.3234378675446039,-1.4590493590966702,1.4871147462095642,-1.8792510086791,0
0.18513323538050552,-2.1148662950169905,-1.942790531200974,1.2371500827378341,-1.747741101396553,0
0.37569778394037234,0.7404071223772372,-1.0493753679971383,2.331021508689456,-2.241882832254433,0
0.7647361770084016,1.2024777476530082,-2.4087404054724666,2.247228426109268,-2.047786850255247,0
0.4490341812266696,-0.0946237926492889,-3.4490633431142204,0.5709471915429625,-1.2020643256888575,0
0.773640326878362,1.018157247648752,-1.9977128334976535,2.4946145081858453,-2.134335286297781,0
0.5718281481501417,-0.6872265309140099,-1.070125627606431,2.661233293642755,-2.2784210953267743,0
0.060759529105776755,0.7800702973910638,-0.8886988914543434,1.8665032227105167,-2.203031867878999,0
0.6280179288311629,0.07272462740328739,-2.657964643517811,1.849209902657742,-1.9479534016772624,0
0.30682087849898254,-0.5171370804487624,-1.9841069686389043,1.5549222044325048,-1.899851618610926,0
-0.204612308663761,1.1342947938882124,-0.8448351418581928,1.3741175888578896,-2.099655494568072,0
-0.09613896628676888,-0.9281426382790505,-1.6350322163951603,0.6381352323578957,-1.4564197617747108,0
-0.5916928393950858,-1.702128706538388,1.2396534968614932,1.857434980980727,-2.430002288246353,1
0.3911298364713227,0.3171469847104752,-2.6952065086299957,1.1854416058933421,-1.6498560312578778,0
0.8320359531490458,0.9373272918208769,-2.6405496401832913,2.1391404715340014,-1.914707678055568,0
0.26074757303188023,0.9958719766589276,-1.4999204608353873,1.7942078181822039,-2.038800743256245,0
0.5384754781975427,-0.8021545915096441,-0.7472340407804936,3.0034095172994584,-2.5669556855597397,0
0.5973822776264583,-0.790012802081076,-2.5714154115908645,1.6845908338313271,-1.791481262478114,0
-0.37218924621787597,0.4879054450741863,1.5925610106301007,1.5499156260837648,-1.6152593615311561,1
1.0939250720260645,-0.37418027599018366,-2.1611536335709447,3.178070772094217,-2.395326190932876,0
-0.5977670244503998,0.37955030461222966,2.919706593382551,2.5140145456557046,-2.4805226283062414,1
1.1610346102674851,0.9160103197910902,-2.037446412239716,3.319087442721496,-2.386763821585811,0
-0.13059998644569448,-1.6698676666737307,2.5235929437962743,2.158462438158163,-1.5028897346971481,1
0.4816751026223305,-1.4091069277559771,-1.319236931514865,2.2859840034341756,-2.126943406749971,0
0.5572192076607332,1.3704096939838664,-0.9254224682478385,2.8364911615848674,-2.430172861544735,0
0.39096767816593636,-0.7296646238211267,-1.7597927671214837,1.8177048566443121,-1.9526195196078384,0
0.5621265175671943,1.4394457151531361,-2.246336793388022,1.7201033403014343,-1.7604616493410827,0
0.12708283702773626,-0.3990988538209255,-2.298140160341676,0.825832808774259,-1.547365208125667,0
0.38002334451201664,0.297083451490835,2.737483713920171,1.5191038322913575,0.07839755246172109,1
0.690082443686791,1.7320492913680818,-2.154229619980627,2.138728485817991,-1.956753264751761,0
1.1204630633496604,-0.8417119460380091,-3.3273734065230975,2.223197460809666,-1.8003365667967894,0
-0.1837229247123633,0.9599566744337453,-1.4194663877697458,0.8978119492256473,-1.7877212531612625,0
0.15237961560890595,-1.4961991540760018,2.016633952999032,1.3645643830131868,-0.406666902996502,1
0.5041389292823277,-1.1748413083829365,-2.021022624373667,2.0056938879329347,-2.0672110841058653,0
0.3707506636176796,0.5736870300025537,-0.5629996756762576,2.734474841592336,-2.4855800900678906,0
0.5528628389216681,0.9729965453330005,-1.5746363414440465,2.4033218986606517,-2.233213166126983,0
0.030186872520889585,0.13227279049742133,-1.2311471054017114,1.3182249632133471,-1.8094103470854734,0
0.587396877843692,1.0499941674505682,-2.2091835586538164,2.0138870844575965,-2.0134355954809036,0
1.3682063321840225,-1.1459005899823282,-3.204192379107061,2.7934357281757904,-1.9495274205050679,0
-0.4968443576854138,1.9511420482977946,-2.534133874096344,-0.784517611719914,-0.9601565859764685,0
0.21993676018174768,0.8455260998852114,-1.80181459597704,1.4594403765537702,-1.8701748108326526,0
-0.35406103615704,-0.10172002555304499,2.4814296605568344,3.3333477379564167,-3.114302506104316,1
0.6611585333347452,-0.29340551584204505,-2.401242723622932,2.009788372735731,-1.963661712919068,0
0.7631152395088598,-0.17494456600131203,-1.8303520826147985,2.7347020204960195,-2.3387515262159715,0
0.31057078007413996,-0.4678221828322661,-2.6269327763144616,1.1130284728454285,-1.6781296902451677,0
-0.15377879056380594,1.1470613778404304,2.8292173377279943,2.7428606501755652,-2.0357672754303966,1
-1.106915057867598,-0.858812727920689,2.9892223125999693,3.9493526082354915,-4.785312184142088,1
0.28311289152312,0.053307420598760376,-1.0080987430809532,2.0504221480889573,-2.081612109736065,0
0.6024300287532085,-0.6382769656971474,-2.1980214228049837,1.986931541398371,-1.9564703221924908,0
-0.5707196738816958,1.5055451919058283,2.721658239967172,2.7237109188507667,-2.733139537257111,1
1.217941313325899,0.6729432044950393,-3.312391735963523,2.5576292428556147,-1.9874535333688095,0
0.6078163364665008,0.6795756851606412,-1.9249112986617236,2.156660230124379,-2.0204528190318265,0
-0.2923143559122203,0.7526823152860572,2.4424984472285067,1.6012357276874436,-1.2116384016699944,1
1.009221586135195,-0.6240987123257102,-2.574239500139613,2.6492397771948077,-2.1371285629003767,0
-0.03386237450162066,0.5968621810742627,1.840823593448189,1.0622846581636058,-0.4592570592869236,1
0.5618402253071482,-0.37366207826417036,-1.6454098979559886,2.3718903580449604,-2.212986528768916,0
0.16676683395408154,-0.5721940702934435,-0.9926307958676677,1.9164878803205228,-2.1237251936107397,0
-1.1692717942837298,1.5452571697547433,0.5606924334134065,2.3941133169517483,-4.191556893814148,1
1.3929248988418725,0.2635467405781687,-3.7325280029364833,2.363220251959618,-1.661884850062759,0
0.13778400973155924,-0.6590067582323337,-1.3834836668283617,1.6770379852464816,-2.07027182653295,0
0.17101587577524957,1.2126082374204565,-1.9971742913232993,1.1482804695114381,-1.6983597787761864,0
0.4359296448158798,0.21160038058850683,-1.0052273280663186,2.636751027113913,-2.4480118052532904,0
0.32591007426612073,-0.8601926954224983,-1.976583862545395,1.644564755115867,-1.9600662334157561,0
-0.6580271262840833,-0.2702767610101646,1.886419933958434,2.3834550939363934,-2.839945443864612,1
0.3512846735429793,0.05178385119895345,-1.26494131620035,2.1458040826873095,-2.1702890022536487,0
-0.2926998240491734,-0.20429533330183694,-0.4840752075807708,1.4447309121250733,-2.177352868590833,0
-0.005261106722963316,2.220683796583114,-1.6806007650434682,1.0894751189643062,-1.8002796695459669,0
0.4170889126680448,0.6148413973029732,-2.4037343136510922,1.4337542406838009,-1.7558610582683265,0
-0.1930413251215839,-0.8071399829793362,2.4427645864138103,2.730035105019657,-2.2350886887979446,1
0.4534978931315887,2.765979614439267,-0.8189685311901704,2.723891307065874,-2.43909532298459,0
1.1003743527703373,-0.22565670321806863,-1.3173554082596617,4.0682080861936205,-2.993322388622044,0
1.15074607875159,-0.8063626971363014,-2.759388691334818,2.854545005014155,-2.1945650500207203,0
0.43788912028552285,-0.3125161606756704,-1.9017246864180155,1.7809599594889869,-1.89275973723562,0
-0.7445916113294497,-0.14655853569167893,1.362494036310358,1.1834495116037178,-1.9232434908021956,1
1.0015764053805687,-0.34829345358145714,-3.445511456254077,1.9240358721979247,-1.7247446994948716,0
0.1889583842814655,0.8039193308807204,-1.26338000438329,1.8451370073593807,-2.117353444992234,0
-0.02042144130436574,-0.38193227172536476,-0.9197985276308618,1.547319857412909,-2.011713573723829,0
0.36505725521292076,0.5233950169020153,-1.9235961215966593,1.587275334024754,-1.8160358288407166,0
-0.41178587950758605,0.5205530577324272,1.4825230664308013,1.482534704257636,-1.6512111406873062,1
0.22872793617290776,-1.8348080296345557,-1.919036418805505,1.3303935838367407,-1.7657417438842533,0
-0.06552738475647857,-0.18561746791792078,-1.1753862437297693,1.1837989960776911,-1.8020099745791214,0
0.6512175522790196,-0.13480087150720985,-1.363523877442963,2.809232200538659,-2.4182310442199233,0
0.53531947600914,-0.28026910446356673,-1.2459618987134238,2.624451185711591,-2.3668657146002263,0
0.8062547712777175,-0.21645222277144752,-2.280028635018241,2.497495708843074,-2.1934238311086753,0
0.2565113187184602,-0.22064275011577214,-1.4009732538624242,1.7544206049793434,-1.9657361641132223,0
0.21266904756715665,-0.2960461003212362,-1.996326938846263,1.3026454395506406,-1.7924848778952098,0
0.576684920525381,1.346669723754866,-2.6612831325773914,1.4842332738938204,-1.6494712091585226,0
0.0740116793087997,-0.5593299381372452,-0.5644277758796235,2.155969846702005,-2.360165994724673,0
0.01444275422035124,-0.33637866311040404,-2.5415666646863744,0.32055449216431353,-1.2937056170493442,0
1.2016441458548546,-1.1377379958113922,-2.833020693850398,2.819573697972982,-2.103763486234203,0
-0.3770679609071771,0.14280939244258323,0.5133777371852195,1.6569118595079724,-2.151883913936204,1
1.2363965104178245,-1.0122733568370152,-1.7866832210615249,3.817892622258192,-2.691236674557558,0
-0.6127879865191294,1.0668700883760402,1.9426791920753483,1.8867814530152938,-2.2237110305368875,1
-0.270486346507556,0.12407272571949352,2.8188532883279107,2.7472909589205763,-2.2336265728037317,1
0.33285573113300293,1.3791625881974978,-1.1447000286288382,2.176151930675221,-2.1856129351995555,0
0.7861534326537343,-1.5272956904278092,-1.7502091946684573,2.8770281797638377,-2.4198242911538386,0
-0.07834020814027065,0.6198091075303009,-1.2125000433235185,1.2904644127965317,-1.9490329358707053,0
0.690195227344685,0.06992926714063982,-1.639677648014309,2.5696787603329034,-2.2102281758481856,0
0.6827582006798654,1.8627464923572625,-2.2321010244258757,2.1611342406021445,-2.022188264441909,0
0.5067610526727055,-2.3764328563378636,-1.6593181817658418,2.1633798498909096,-2.088850933217552,0
-0.08117075793760731,1.0146453864394118,-0.9385236417021754,1.4574241621259951,-2.0230970869026534,0
0.7293622998891469,-1.0676348506009778,-2.551407398682145,2.0437673067188222,-1.9466886459710477,0
-0.27712711095401876,-0.17194793491127605,-1.312793500675352,0.8459356378317944,-1.8435525407039626,0
0.7305368801816985,1.2691726564583794,-2.1973277965391893,2.2292102827027156,-2.0027442593349525,0
0.6445173429276181,1.1512196407856137,-1.75805814631589,2.435446637352335,-2.189108498221784,0
0.09706634832088601,0.6356615967509606,-1.005332675701751,1.877176138998621,-2.2003763926806585,0
0.7553748337831225,-0.2855036969711149,-1.0176857750277528,3.4215401716963108,-2.7584352312605587,0
0.6569172564464074,-0.28368469367815263,-1.0700104124652015,2.905420507266342,-2.39666300012097,0
0.11325076255183097,0.47291708452549563,2.388999944272527,1.5892394529496263,-0.5621756225424628,1
-1.2136349481310207,0.7847815840141892,1.347227990604674,1.9259589238730401,-3.468714206683824,1
-0.15178535053920572,1.6224983409010136,-1.9496810984722588,0.4583047105042706,-1.4793497890955418,0
0.8824226530432615,-0.23212931854845434,-1.0316029174526427,3.7043739323914004,-2.8546203241461794,0
0.9180212068805358,0.1634054740224038,-2.617022596655752,2.4923594241245617,-2.1368742392804236,0
0.0841059358520746,-0.20631480361932888,0.12481839138821194,2.7131321205192522,-2.6624866661660875,0
0.1704267904162936,1.1817613956614945,1.9201519664755784,1.3940872978558327,-0.44561858810686683,1
0.6615324699127989,-0.27269458215246056,-1.3909235525952575,2.665328014907134,-2.26107621725418,0
0.49447158687068193,-0.8135303493662359,-2.757825007491456,1.5215901743545415,-1.8592129851840427,0
0.658225037048453,1.7348318912272276,-0.6058496971169967,3.366525600844517,-2.699288462946443,0
0.0771075588116491,1.068959535275138,-2.6237436595696035,0.4489856717305609,-1.358590075214499,0
0.3508060537430623,-1.0285765255061254,-3.111200569331279,0.6509550548299519,-1.3148958154306065,0
-0.4465853765082026,-0.657484937966344,-1.2993589606757716,0.3560862532005977,-1.5990806914929816,0
0.7170529177463052,0.25499675067459876,-1.9664308784769244,2.4725013912652094,-2.1908016551194116,0
0.6271113262397414,-0.02302485444650096,-2.203629042036475,2.065831442914704,-2.001412993964425,0
0.17361705959623652,0.7172835811587757,-0.37319526143267834,2.5406601087170655,-2.528560472980298,0
0.8368841557787949,0.8525958032951028,-3.1438296364742087,1.9064269956515965,-1.8568586724983855,0
-0.44198903428281267,-0.02974165415538386,1.1994601105124585,1.2736051488758449,-1.5901681849717217,1
0.22251596366519055,-1.3854282681144907,-1.502055532043908,1.7753099633735872,-2.081776936979062,0
0.3564942314404077,0.10940759902005842,-2.5738259688426126,1.0094996482024716,-1.4745463474945648,0
0.287554835691894,1.2411473438787268,-1.9882424397025105,1.4151472072629256,-1.7860103170359776,0
0.4394114581185724,-0.39814201058847004,-1.159773160855766,2.414075082338307,-2.268340060475742,0
1.1049805074787824,-0.08338014443846556,-2.3096302044503356,2.9448481238052726,-2.189966634684616,0
0.7222525106258608,0.13164456691928453,-1.8880244059719795,2.3807846335882945,-2.055873688786461,0
-0.22204204947405182,0.38196645752409497,-1.3658113363131252,0.9146953650927971,-1.846857685303745,0
0.4919137592290943,-0.5199750884075218,-1.1860909713094614,2.5783542528650134,-2.3657621025919098,0
-0.8475315315088472,1.1162463905181252,3.0648247592201425,3.270839388271744,-3.6236216996200925,1
0.8416643620340991,-0.5171830838060685,-1.5927732867186455,3.024382590625185,-2.4237011805167845,0
0.8108841008537087,0.5573042937804867,-2.5655165442367056,2.157763055742577,-1.9395873736699538,0
0.1379174882051284,-0.8522016313215837,-1.658163836462096,1.3607083531644582,-1.8441115090511548,0
1.743227150212552,0.11127676805327562,-2.362538559877212,4.389598735639894,-2.6916714499501064,0
-0.1015777602916541,0.297394853531108,2.8892048810359534,2.6456714251309705,-1.8260037203558135,1
-0.22389234401334812,1.5094576934076902,1.880212458557422,1.1876401844876372,-0.8836829296142201,1
0.31568623534145335,1.6263804056686328,-0.6015714580375402,2.6454146355260373,-2.496282249437187,0
-0.7185693416329682,-0.08725601318294572,1.382565711525427,2.139248155123487,-2.876271050756994,1
0.25608242230414047,0.11038963910769706,-1.8980443372844997,1.5819810152004774,-1.9772947105720806,0
0.32809997492546383,1.2613181018500463,-2.6057889063402397,1.0350502200178946,-1.5597255829417516,0
-0.3342442138410786,0.3980280299618697,1.4046307945007124,1.9680884971634502,-2.0650675733565325,1
-0.9494911923466123,0.5507877351167638,1.6572571603945132,1.7535275859030772,-2.7398986291237324,1
-1.084846084242356,0.6583925119224902,0.9785136125050917,1.0763318099034775,-2.5106464388805025,1
0.06741030985120855,-0.26403776199440115,0.9767843337445377,1.1244630616014448,-0.6937347616538776,1
0.24753716137590032,0.8089247222790114,-2.241726812986028,1.2586515851236797,-1.784486387107295,0
1.1212996739752552,0.6283820360376229,-2.4209914820500127,2.940574539187514,-2.201997369553657,0
0.29903262095337335,-0.5214010918187526,-1.313066372767774,2.2209285376807615,-2.352404210496964,0
0.7541140367448398,0.6084420694741921,-0.7493856602644113,3.4859282866055548,-2.724511925505139,0
0.8295884938069122,-0.7422480135662024,-2.454790175019583,2.2715771684121333,-1.98596567226831,0
1.118676823806415,-0.3770441691342582,-1.7738705523951626,3.621597285621645,-2.6711631775114264,0
0.7421913046757971,-0.7206260575907678,3.3290814751300086,2.142069227203698,0.24014216152719037,1
-0.19455749623795704,-0.21903181435247787,1.5608880170037134,1.09427292048215,-0.8613718016185783,1
0.5723934161555646,0.02194380821533224,-2.5197507418281364,1.6250134614727165,-1.749540537842485,0
0.1961019672687765,0.42321237445701776,-2.006948421692759,1.2110992363264033,-1.7273793334416292,0
0.4904830867078189,1.0833404379113156,-1.5290415350517872,2.276830229882062,-2.1840182504831653,0
-0.022694565500310127,-0.45310586798071245,-1.7566377061529033,1.0000495980134523,-1.7640468124044304,0
0.4360834306779222,0.4033003902452816,-2.0351812542294563,1.736107150733197,-1.9001198889824307,0
-1.0612713877062943,0.6181091025405885,0.8862527732286494,1.5789562827079062,-3.035453934437851,1
-0.04381204581345566,-0.828397454793649,-1.5611078179765747,1.144178129079657,-1.8740719142791888,0
0.5144599894680841,-0.9954036030247475,-1.7014237277857849,2.1513939842037093,-2.080039650600856,0
0.6416327939454298,0.34438421737853486,-2.2516624030824586,2.101766854122807,-2.0341140806295344,0
-0.39256809252571445,1.1438367264203908,-2.735381267025802,-0.7138509731840488,-0.9429113039451771,0
-0.5960791324230957,-1.069960156592582,-1.1354529484453844,0.25554641799924394,-1.6726965969339425,0
0.06792751924017004,0.18911121660394065,-1.7242221084346567,1.109425479629166,-1.7193908222790846,0
0.5788604850599972,0.31963267591747646,-3.7242898933272306,0.9100898148954109,-1.4536671975529667,0
0.9894109486176512,0.5767938239138171,-2.5484354892373644,2.5857569842539885,-2.0926737663260018,0
0.8598703724265091,1.0366468294192557,-1.290822120396315,3.2715148569299908,-2.536993519255057,0
-0.5444701345618174,0.004601087097138987,2.6434204058650383,2.0339274196472754,-1.9969534593512779,1
-0.0033882726150245013,-0.5619462476951015,-0.023749758590346115,2.48177894735484,-2.6188968848280894,0
0.05069112127820441,0.028012915358889258,-1.8060236329088795,1.010841564184403,-1.6754526371273701,0
0.9532170953324368,-1.156978475142292,-1.5773786176233284,3.307151500963522,-2.5336285420579805,0
0.5062977301629754,-0.13415564209226424,-1.3359046953927636,2.3439714310339976,-2.154304753227346,0
0.48485653029477405,-0.5191573227936902,-1.3022703091086294,2.3199066546003593,-2.150834923568278,0
0.5773817879469452,0.5794189828989692,-2.8093041101899274,1.404733952660621,-1.6220381817619316,0
0.32908167082825246,0.008828138267394708,-1.9316762002741783,1.6142745513501056,-1.9058103458842375,0
-0.1379490997976347,-0.8912169480418995,-0.47113155561634823,1.756265525845098,-2.2483767963030754,0
-0.03564074361766645,1.3201841971984174,2.093668500373523,1.6495930568994202,-0.9808598654621357,1
0.3968166046106836,-0.0027502410341822625,-1.8300846222788771,1.77342628772347,-1.9237980409497155,0
0.8498760550621443,0.2954272865648849,-2.2187090065127073,2.520738281234192,-2.12343042678063,0
0.48246875350334006,-1.1687410284931263,-2.4511734672575733,1.7000127826309677,-1.94756729493271,0
-0.33892373006150234,-1.1874654017384385,1.2407336411663876,1.8739807328805678,-2.037148038104943,1
0.3357107301182556,-0.5908170987358049,-2.296042614384402,1.3323808442828482,-1.739862700759863,0
0.4553853984698988,0.4276172815847823,-0.7179435369627476,2.7337236434848293,-2.4073688305369583,0
0.6608489025295954,1.182234028938315,-1.6641201639949599,2.538856170925695,-2.2348941157669313,0
-0.37923447400744037,-1.1135192324279926,-1.0654382128022628,0.7333727986192176,-1.7955257149071582,0
-0.2982012908120445,0.5886526793824348,2.95043925837756,1.7757565275779528,-1.208308793961997,1
1.0466163517365308,-0.797813748337336,-3.307601439455537,2.175354066232571,-1.8622260347221455,0
-0.694148444619828,-1.4019080677162379,0.7614114788507138,2.0272129962190624,-2.9588087590867977,1
0.8715634250835003,-1.0372657409627284,-2.390716350351816,2.369481238372695,-1.99592417283148,0
0.08487515522714939,-0.3587659360951468,-1.1508666172893898,1.7050480165017294,-2.095678863197313,0
0.8152866453187799,0.48500129152322796,-2.360204728110874,2.405883279444324,-2.1135867062251807,0
0.5835955009336182,-0.719006667681404,-1.912014759455772,2.2820849687131757,-2.1863577208807676,0
0.46789414443130894,-0.18241813553953884,-1.18092213938303,2.5723469861713237,-2.396405429757166,0
-0.3618680886198944,0.3562167098144623,1.9626620618322284,2.1408150864075757,-2.075766951086827,1
-0.7979033641681732,0.819888153981797,1.762355035469918,2.223851976751608,-2.9471146150416883,1
0.6033768166835247,0.6084077537992262,-1.7489443485439249,2.3854117265999006,-2.199786519933601,0
-0.7175401216310147,-0.2515808307655791,2.3950193793456274,3.3416910792329872,-3.7456890139366017,1
0.3899004680250666,1.410213804814408,3.1105375442725878,2.1268669966917018,-0.3993863153487389,1
0.5808545293926934,0.286194759048022,-2.6671357237328817,1.6707156878223497,-1.8406538289558734,0
0.7699803860357306,-1.4609249386516574,-3.103829176595712,1.6488372094948505,-1.6795900659040273,0
1.1334830034511516,0.5533635687726227,-3.7610897639521363,1.9391596623266867,-1.6485388834394015,0
0.45798998765947174,-2.664332321074447,-0.9596104727408927,2.6291607843391773,-2.3866791040058946,0
